number,discovery_date,discovery_site,discoverer,category,diameter_km
1,"January 1, 1801",Palermo,G. Piazzi,·,939.0
2,"March 28, 1802",Bremen,H. W. Olbers,PAL,513.0
3,"September 1, 1804",Sternwarte Lilienthal,K. Harding,JUN,247.0
4,"March 29, 1807",Bremen,H. W. Olbers,V,523.0
5,"December 8, 1845",Driesen,K. L. Hencke,(5),107.0
6,"July 1, 1847",Driesen,K. L. Hencke,PHO,185.0
7,"August 13, 1847",London,J. R. Hind,·,200.0
8,"October 18, 1847",London,J. R. Hind,·,147.0
9,"April 25, 1848",Markree,A. Graham,·,190.0
10,"April 12, 1849",Naples,A. de Gasparis,HYG,407.0
11,"May 11, 1850",Naples,A. de Gasparis,·,143.0
12,"September 13, 1850",London,J. R. Hind,·,115.0
13,"November 2, 1850",Naples,A. de Gasparis,·,203.0
14,"May 19, 1851",London,J. R. Hind,·,152.0
15,"July 29, 1851",Naples,A. de Gasparis,EUN,232.0
16,"March 17, 1852",Naples,A. de Gasparis,·,222.0
17,"April 17, 1852",Düsseldorf,R. Luther,·,85.0
18,"June 24, 1852",London,J. R. Hind,·,140.0
19,"August 22, 1852",London,J. R. Hind,·,200.0
20,"September 19, 1852",Naples,A. de Gasparis,MAS,136.0
21,"November 15, 1852",Paris,H. Goldschmidt,·,98.0
22,"November 16, 1852",London,J. R. Hind,moon,168.0
23,"December 15, 1852",London,J. R. Hind,·,108.0
24,"April 5, 1853",Naples,A. de Gasparis,THM,198.0
25,"April 6, 1853",Marseilles,J. Chacornac,PHO,61.0
26,"May 5, 1853",Düsseldorf,R. Luther,·,95.0
27,"November 8, 1853",London,J. R. Hind,·,96.0
28,"March 1, 1854",Düsseldorf,R. Luther,·,121.0
29,"March 1, 1854",London,A. Marth,·,190.0
30,"July 22, 1854",London,J. R. Hind,·,93.0
31,"September 1, 1854",Washington,J. Ferguson,EUP · moon,267.0
32,"October 26, 1854",Paris,H. Goldschmidt,·,81.0
33,"October 28, 1854",Paris,J. Chacornac,·,53.0
34,"April 6, 1855",Paris,J. Chacornac,·,133.0
35,"April 19, 1855",Düsseldorf,R. Luther,·,103.0
36,"October 5, 1855",Paris,H. Goldschmidt,·,133.0
37,"October 5, 1855",Düsseldorf,R. Luther,·,108.0
38,"January 12, 1856",Paris,J. Chacornac,·,92.0
39,"February 8, 1856",Paris,J. Chacornac,·,179.0
40,"March 31, 1856",Paris,H. Goldschmidt,·,111.0
41,"May 22, 1856",Paris,H. Goldschmidt,moon,205.0
42,"May 23, 1856",Oxford,N. R. Pogson,·,111.0
43,"April 15, 1857",Oxford,N. R. Pogson,·,71.0
44,"May 27, 1857",Paris,H. Goldschmidt,NYS,71.0
45,"June 27, 1857",Paris,H. Goldschmidt,moon,202.0
46,"August 16, 1857",Oxford,N. R. Pogson,·,131.0
47,"September 15, 1857",Düsseldorf,R. Luther,·,168.0
48,"September 19, 1857",Paris,H. Goldschmidt,·,216.0
49,"September 19, 1857",Paris,H. Goldschmidt,·,166.0
50,"October 4, 1857",Washington,J. Ferguson,·,84.0
51,"January 22, 1858",Nîmes,J. J. P. Laurent,·,138.0
52,"February 4, 1858",Paris,H. Goldschmidt,·,304.0
53,"April 4, 1858",Düsseldorf,R. Luther,·,97.0
54,"September 10, 1858",Paris,H. Goldschmidt,·,160.0
55,"September 10, 1858",Albany,G. Searle,·,85.0
56,"September 9, 1857",Paris,H. Goldschmidt,·,121.0
57,"September 22, 1859",Düsseldorf,R. Luther,·,113.0
58,"March 24, 1860",Düsseldorf,R. Luther,·,107.0
59,"September 12, 1860",Paris,J. Chacornac,·,165.0
60,"September 14, 1860",Washington,J. Ferguson,·,43.0
61,"September 9, 1860",Paris,H. Goldschmidt,·,86.0
62,"September 14, 1860",Berlin,"O. Lesser , W. Foerster",THM,107.0
63,"February 10, 1861",Naples,A. de Gasparis,V,116.0
64,"March 4, 1861",Marseilles,E. W. Tempel,·,58.0
65,"March 8, 1861",Marseilles,E. W. Tempel,CYB,237.0
66,"April 9, 1861",Cambridge,H. P. Tuttle,·,72.0
67,"April 17, 1861",Madras,N. R. Pogson,·,56.0
68,"April 29, 1861",Düsseldorf,R. Luther,·,123.0
69,"April 29, 1861",Milan,G. Schiaparelli,·,138.0
70,"May 5, 1861",Paris,H. Goldschmidt,·,128.0
71,"August 13, 1861",Düsseldorf,R. Luther,·,83.0
72,"May 29, 1861",Clinton,C. H. F. Peters,·,75.0
73,"April 7, 1862",Cambridge,H. P. Tuttle,·,45.0
74,"August 29, 1862",Marseilles,E. W. Tempel,·,119.0
75,"September 22, 1862",Clinton,C. H. F. Peters,·,62.0
76,"October 21, 1862",Copenhagen Observatory,H. d'Arrest,CYB,145.0
77,"November 12, 1862",Clinton,C. H. F. Peters,·,61.0
78,"March 15, 1863",Düsseldorf,R. Luther,·,121.0
79,"September 14, 1863",Ann Arbor,J. C. Watson,·,63.0
80,"May 2, 1864",Madras,N. R. Pogson,·,69.0
81,"September 30, 1864",Marseilles,E. W. Tempel,·,118.0
82,"November 27, 1864",Düsseldorf,R. Luther,·,58.0
83,"April 26, 1865",Naples,A. de Gasparis,·,111.0
84,"August 25, 1865",Düsseldorf,R. Luther,·,79.0
85,"September 19, 1865",Clinton,C. H. F. Peters,EUN ·,155.0
86,"January 4, 1866",Berlin,F. Tietjen,·,110.0
87,"May 16, 1866",Madras,N. R. Pogson,SYL · CYB · moon,253.0
88,"June 15, 1866",Clinton,C. H. F. Peters,·,232.0
89,"August 6, 1866",Marseilles,É. Stephan,·,145.0
90,"October 1, 1866",Düsseldorf,R. Luther,THM · moon,116.0
91,"November 4, 1866",Marseilles,É. Stephan,(5),103.0
92,"July 7, 1867",Clinton,C. H. F. Peters,·,126.0
93,"August 24, 1867",Ann Arbor,J. C. Watson,GEF · moon ·,154.0
94,"September 6, 1867",Ann Arbor,J. C. Watson,·,205.0
95,"November 23, 1867",Düsseldorf,R. Luther,·,148.0
96,"February 17, 1868",Marseilles,J. Coggia,AEG,178.0
97,"February 17, 1868",Marseilles,E. W. Tempel,·,101.0
98,"April 18, 1868",Clinton,C. H. F. Peters,·,133.0
99,"May 28, 1868",Marseilles,A. Borrelly,·,67.0
100,"July 11, 1868",Ann Arbor,J. C. Watson,HYG ·,86.0
101,"August 15, 1868",Ann Arbor,J. C. Watson,·,66.0
102,"August 22, 1868",Clinton,C. H. F. Peters,·,83.0
103,"September 7, 1868",Ann Arbor,J. C. Watson,·,84.0
104,"September 13, 1868",Ann Arbor,J. C. Watson,THM,137.0
105,"September 16, 1868",Ann Arbor,J. C. Watson,PHO,95.0
106,"October 10, 1868",Ann Arbor,J. C. Watson,·,208.0
107,"November 17, 1868",Madras,N. R. Pogson,CYB · moon,210.0
108,"April 2, 1869",Düsseldorf,R. Luther,HYG ·,75.0
109,"October 9, 1869",Clinton,C. H. F. Peters,·,83.0
110,"April 19, 1870",Marseilles,A. Borrelly,PAD,86.0
111,"August 14, 1870",Clinton,C. H. F. Peters,·,126.0
112,"September 19, 1870",Clinton,C. H. F. Peters,·,70.0
113,"March 12, 1871",Düsseldorf,R. Luther,·,50.0
114,"July 23, 1871",Clinton,C. H. F. Peters,·,94.0
115,"August 6, 1871",Ann Arbor,J. C. Watson,·,80.0
116,"September 8, 1871",Clinton,C. H. F. Peters,·,72.0
117,"September 12, 1871",Marseilles,A. Borrelly,·,209.0
118,"March 15, 1872",Düsseldorf,R. Luther,·,40.0
119,"April 3, 1872",Ann Arbor,J. C. Watson,·,57.0
120,"April 10, 1872",Marseilles,A. Borrelly,·,155.0
121,"May 12, 1872",Ann Arbor,J. C. Watson,CYB · moon,209.0
122,"July 31, 1872",Clinton,C. H. F. Peters,·,71.0
123,"July 31, 1872",Clinton,C. H. F. Peters,·,45.0
124,"August 23, 1872",Clinton,C. H. F. Peters,·,89.0
125,"September 11, 1872",Paris,P. M. Henry,·,48.0
126,"November 5, 1872",Paris,P. P. Henry,·,45.0
127,"November 5, 1872",Paris,P. M. Henry,·,122.0
128,"November 25, 1872",Ann Arbor,J. C. Watson,·,163.0
129,"February 5, 1873",Clinton,C. H. F. Peters,·,113.0
130,"February 17, 1873",Clinton,C. H. F. Peters,moon,181.0
131,"May 24, 1873",Clinton,C. H. F. Peters,·,31.0
132,"June 13, 1873",Ann Arbor,J. C. Watson,·,43.0
133,"August 16, 1873",Ann Arbor,J. C. Watson,·,72.0
134,"September 27, 1873",Düsseldorf,R. Luther,·,108.0
135,"February 18, 1874",Clinton,C. H. F. Peters,NYS,79.0
136,"March 18, 1874",Pola,J. Palisa,·,37.0
137,"April 21, 1874",Pula,J. Palisa,·,129.0
138,"May 19, 1874",Toulouse,J. Perrotin,·,53.0
139,"October 10, 1874",Beijing,J. C. Watson,·,151.0
140,"October 13, 1874",Pola,J. Palisa,·,110.0
141,"January 13, 1875",Paris,P. P. Henry,·,118.0
142,"January 28, 1875",Pola,J. Palisa,NYS,55.0
143,"February 23, 1875",Pula,J. Palisa,·,95.0
144,"June 3, 1875",Clinton,C. H. F. Peters,·,142.0
145,"June 3, 1875",Clinton,C. H. F. Peters,ADE,128.0
146,"June 8, 1875",Marseilles,A. Borrelly,·,160.0
147,"July 10, 1875",Vienna,L. Schulhof,·,133.0
148,"August 7, 1875",Paris,P. M. Henry,GAL,98.0
149,"September 21, 1875",Toulouse,J. Perrotin,·,24.0
150,"October 18, 1875",Ann Arbor,J. C. Watson,·,119.0
151,"November 1, 1875",Pola,J. Palisa,·,39.0
152,"November 2, 1875",Paris,P. P. Henry,·,59.0
153,"November 2, 1875",Pola,J. Palisa,HIL · 3:2,171.0
154,"November 4, 1875",Paris,P. M. Henry,·,193.0
155,"November 8, 1875",Pola,J. Palisa,·,40.0
156,"November 22, 1875",Pula,J. Palisa,·,143.0
157,"December 1, 1875",Marseilles,A. Borrelly,·,20.0
158,"January 4, 1876",Berlin,V. Knorre,KOR,39.0
159,"January 26, 1876",Paris,P. P. Henry,(159),125.0
160,"February 20, 1876",Clinton,C. H. F. Peters,·,81.0
161,"April 19, 1876",Ann Arbor,J. C. Watson,·,41.0
162,"April 21, 1876",Paris,P. M. Henry,·,97.0
163,"April 26, 1876",Toulouse,J. Perrotin,ERI,82.0
164,"July 12, 1876",Paris,P. P. Henry,·,100.0
165,"August 9, 1876",Clinton,C. H. F. Peters,·,180.0
166,"August 15, 1876",Clinton,C. H. F. Peters,ADE,52.0
167,"August 28, 1876",Clinton,C. H. F. Peters,KOR,40.0
168,"September 28, 1876",Ann Arbor,J. C. Watson,CYB,145.0
169,"September 28, 1876",Paris,P. M. Henry,·,38.0
170,"January 10, 1877",Toulouse,J. Perrotin,MAR,33.0
171,"January 13, 1877",Marseilles,A. Borrelly,THM,131.0
172,"February 5, 1877",Marseilles,A. Borrelly,·,62.0
173,"August 1, 1877",Marseilles,A. Borrelly,EUN,126.0
174,"September 2, 1877",Ann Arbor,J. C. Watson,·,65.0
175,"October 1, 1877",Ann Arbor,J. C. Watson,·,95.0
176,"October 14, 1877",Clinton,C. H. F. Peters,·,107.0
177,"November 5, 1877",Paris,P. P. Henry,·,69.0
178,"November 6, 1877",Pola,J. Palisa,·,36.0
179,"November 11, 1877",Ann Arbor,J. C. Watson,TEL,70.0
180,"January 29, 1878",Toulouse,J. Perrotin,·,23.0
181,"February 2, 1878",Marseilles,P. Cottenot,·,115.0
182,"February 7, 1878",Pola,J. Palisa,·,40.0
183,"February 8, 1878",Pula,J. Palisa,·,33.0
184,"February 28, 1878",Pula,J. Palisa,·,62.0
185,"March 1, 1878",Clinton,C. H. F. Peters,·,160.0
186,"April 6, 1878",Paris,P. M. Henry,PHO,50.0
187,"April 11, 1878",Marseilles,J. Coggia,·,147.0
188,"June 18, 1878",Clinton,C. H. F. Peters,·,36.0
189,"September 9, 1878",Clinton,C. H. F. Peters,·,38.0
190,"September 22, 1878",Clinton,C. H. F. Peters,3:2,159.0
191,"September 30, 1878",Clinton,C. H. F. Peters,·,95.0
192,"February 17, 1879",Pola,J. Palisa,·,99.0
193,"February 28, 1879",Marseilles,J. Coggia,·,26.0
194,"March 21, 1879",Clinton,C. H. F. Peters,(194),162.0
195,"April 19, 1879",Pola,J. Palisa,·,93.0
196,"May 14, 1879",Clinton,C. H. F. Peters,·,145.0
197,"May 21, 1879",Pola,J. Palisa,·,32.0
198,"June 13, 1879",Marseilles,A. Borrelly,·,54.0
199,"July 9, 1879",Clinton,C. H. F. Peters,·,76.0
200,"July 27, 1879",Clinton,C. H. F. Peters,·,128.0
201,"August 7, 1879",Pola,J. Palisa,·,86.0
202,"September 11, 1879",Clinton,C. H. F. Peters,·,86.0
203,"September 25, 1879",Clinton,C. H. F. Peters,·,125.0
204,"October 8, 1879",Pula,J. Palisa,·,49.0
205,"October 13, 1879",Pula,J. Palisa,·,77.0
206,"October 13, 1879",Clinton,C. H. F. Peters,·,113.0
207,"October 17, 1879",Pula,J. Palisa,·,58.0
208,"October 21, 1879",Pula,J. Palisa,KOR,40.0
209,"October 22, 1879",Clinton,C. H. F. Peters,·,179.0
210,"November 12, 1879",Pula,J. Palisa,·,87.0
211,"December 10, 1879",Pula,J. Palisa,·,141.0
212,"February 6, 1880",Pula,J. Palisa,·,136.0
213,"February 16, 1880",Clinton,C. H. F. Peters,·,82.0
214,"February 29, 1880",Pula,J. Palisa,·,25.0
215,"April 7, 1880",Berlin,V. Knorre,·,35.0
216,"April 10, 1880",Pula,J. Palisa,moon,122.0
217,"August 30, 1880",Marseilles,J. Coggia,·,65.0
218,"September 4, 1880",Pula,J. Palisa,·,61.0
219,"September 30, 1880",Pula,J. Palisa,·,38.0
220,"May 19, 1881",Vienna,J. Palisa,·,32.0
221,"January 18, 1882",Vienna,J. Palisa,EOS,95.0
222,"February 9, 1882",Vienna,J. Palisa,THM ·,55.0
223,"March 9, 1882",Vienna,J. Palisa,THM,80.0
224,"March 30, 1882",Vienna,J. Palisa,·,58.0
225,"April 19, 1882",Vienna,J. Palisa,T j (2.99) · CYB,96.0
226,"July 19, 1882",Vienna,J. Palisa,·,31.0
227,"August 12, 1882",Paris,P. P. Henry,·,124.0
228,"August 19, 1882",Vienna,J. Palisa,·,9.3
229,"August 22, 1882",Vienna,J. Palisa,CYB,106.0
230,"September 3, 1882",Bothkamp,K. de Ball,·,111.0
231,"September 10, 1882",Vienna,J. Palisa,·,74.0
232,"January 31, 1883",Vienna,J. Palisa,·,55.0
233,"May 11, 1883",Marseilles,A. Borrelly,·,100.0
234,"August 12, 1883",Clinton,C. H. F. Peters,PHO,45.0
235,"November 28, 1883",Vienna,J. Palisa,·,58.0
236,"April 26, 1884",Vienna,J. Palisa,·,78.0
237,"June 27, 1884",Vienna,J. Palisa,·,41.0
238,"July 1, 1884",Berlin,V. Knorre,·,156.0
239,"August 18, 1884",Vienna,J. Palisa,·,38.0
240,"August 27, 1884",Marseilles,A. Borrelly,·,88.0
241,"September 12, 1884",Düsseldorf,R. Luther,·,169.0
242,"September 22, 1884",Vienna,J. Palisa,·,41.0
243,"September 29, 1884",Vienna,J. Palisa,KOR · moon,32.0
244,"October 14, 1884",Vienna,J. Palisa,slow,11.0
245,"February 6, 1885",Madras,N. R. Pogson,·,76.0
246,"March 6, 1885",Marseilles,A. Borrelly,·,51.0
247,"March 14, 1885",Düsseldorf,R. Luther,·,131.0
248,"June 5, 1885",Vienna,J. Palisa,·,50.0
249,"August 16, 1885",Clinton,C. H. F. Peters,·,35.0
250,"September 3, 1885",Vienna,J. Palisa,·,121.0
251,"October 4, 1885",Vienna,J. Palisa,EOS,27.0
252,"October 11, 1885",Nice,J. Perrotin,·,65.0
253,"November 12, 1885",Vienna,J. Palisa,slow,53.0
254,"March 31, 1886",Vienna,J. Palisa,(254),12.0
255,"March 31, 1886",Vienna,J. Palisa,GEF ·,57.0
256,"April 3, 1886",Vienna,J. Palisa,·,67.0
257,"April 5, 1886",Vienna,J. Palisa,·,73.0
258,"May 4, 1886",Düsseldorf,R. Luther,EUN,65.0
259,"June 28, 1886",Clinton,C. H. F. Peters,·,174.0
260,"October 3, 1886",Vienna,J. Palisa,(260) · CYB,102.0
261,"October 31, 1886",Clinton,C. H. F. Peters,·,50.0
262,"November 3, 1886",Vienna,J. Palisa,·,15.0
263,"November 3, 1886",Vienna,J. Palisa,KOR,24.0
264,"December 22, 1886",Clinton,C. H. F. Peters,·,63.0
265,"February 25, 1887",Vienna,J. Palisa,·,23.0
266,"May 17, 1887",Vienna,J. Palisa,·,109.0
267,"May 27, 1887",Nice,A. Charlois,·,56.0
268,"June 8, 1887",Marseilles,A. Borrelly,THM,145.0
269,"September 21, 1887",Vienna,J. Palisa,·,51.0
270,"October 8, 1887",Clinton,C. H. F. Peters,·,51.0
271,"October 13, 1887",Berlin,V. Knorre,·,66.0
272,"February 4, 1888",Nice,A. Charlois,·,27.0
273,"March 8, 1888",Vienna,J. Palisa,PHO,30.0
274,"April 3, 1888",Vienna,J. Palisa,·,27.0
275,"April 15, 1888",Vienna,J. Palisa,·,103.0
276,"April 17, 1888",Vienna,J. Palisa,·,115.0
277,"May 3, 1888",Nice,A. Charlois,KOR,30.0
278,"May 16, 1888",Vienna,J. Palisa,·,33.0
279,"October 25, 1888",Vienna,J. Palisa,4:3,127.0
280,"October 29, 1888",Vienna,J. Palisa,·,46.0
281,"October 31, 1888",Vienna,J. Palisa,·,11.0
282,"January 28, 1889",Nice,A. Charlois,·,39.0
283,"February 8, 1889",Nice,A. Charlois,EMA · moon,132.0
284,"May 29, 1889",Nice,A. Charlois,·,53.0
285,"August 3, 1889",Nice,A. Charlois,·,47.0
286,"August 3, 1889",Vienna,J. Palisa,·,94.0
287,"August 25, 1889",Clinton,C. H. F. Peters,·,60.0
288,"February 20, 1890",Düsseldorf,R. Luther,slow,29.0
289,"March 10, 1890",Nice,A. Charlois,·,38.0
290,"March 20, 1890",Vienna,J. Palisa,PHO,9.8
291,"April 25, 1890",Vienna,J. Palisa,·,10.0
292,"April 25, 1890",Vienna,J. Palisa,·,31.0
293,"May 20, 1890",Nice,A. Charlois,BRA,57.0
294,"July 15, 1890",Nice,A. Charlois,·,52.0
295,"August 17, 1890",Vienna,J. Palisa,·,28.0
296,"August 19, 1890",Nice,A. Charlois,·,8.2
297,"September 9, 1890",Nice,A. Charlois,·,39.0
298,"September 9, 1890",Nice,A. Charlois,BAP,21.0
299,"October 6, 1890",Vienna,J. Palisa,slow,16.0
300,"October 3, 1890",Nice,A. Charlois,·,67.0
301,"November 16, 1890",Vienna,J. Palisa,·,53.0
302,"November 14, 1890",Nice,A. Charlois,CLA,39.0
303,"February 12, 1891",Rome,E. Millosevich,·,125.0
304,"February 14, 1891",Vienna,J. Palisa,PHO,66.0
305,"February 16, 1891",Nice,A. Charlois,·,48.0
306,"March 1, 1891",Rome,E. Millosevich,·,47.0
307,"March 5, 1891",Nice,A. Charlois,·,61.0
308,"March 31, 1891",Marseilles,A. Borrelly,·,129.0
309,"April 6, 1891",Vienna,J. Palisa,·,41.0
310,"May 16, 1891",Nice,A. Charlois,·,34.0
311,"June 11, 1891",Nice,A. Charlois,KOR,26.0
312,"August 28, 1891",Nice,A. Charlois,·,46.0
313,"August 30, 1891",Vienna,J. Palisa,·,71.0
314,"September 1, 1891",Nice,A. Charlois,·,61.0
315,"September 4, 1891",Vienna,J. Palisa,·,6.5
316,"September 8, 1891",Nice,A. Charlois,THM,56.0
317,"September 11, 1891",Nice,A. Charlois,moon,19.0
318,"September 24, 1891",Nice,A. Charlois,·,85.0
319,"October 8, 1891",Nice,A. Charlois,CYB · slow,50.0
320,"October 11, 1891",Vienna,J. Palisa,EOS,23.0
321,"October 15, 1891",Vienna,J. Palisa,KOR ·,28.0
322,"November 27, 1891",Marseilles,A. Borrelly,·,70.0
323,"December 22, 1891",Heidelberg,M. F. Wolf,PHO,28.0
324,"February 25, 1892",Vienna,J. Palisa,·,221.0
325,"March 4, 1892",Heidelberg,M. F. Wolf,·,76.0
326,"March 19, 1892",Vienna,J. Palisa,PHO,93.0
327,"March 22, 1892",Nice,A. Charlois,·,30.0
328,"March 18, 1892",Heidelberg,M. F. Wolf,·,146.0
329,"March 21, 1892",Heidelberg,M. F. Wolf,PHO,81.0
330,"February 2, 1910",Heidelberg,M. F. Wolf,·,9.1
331,"April 1, 1892",Nice,A. Charlois,·,75.0
332,"March 19, 1892",Heidelberg,M. F. Wolf,·,40.0
333,"August 22, 1892",Heidelberg,M. F. Wolf,·,72.0
334,"August 23, 1892",Heidelberg,M. F. Wolf,3:2,199.0
335,"September 1, 1892",Heidelberg,A. Staus,·,97.0
336,"September 19, 1892",Nice,A. Charlois,·,63.0
337,"September 22, 1892",Nice,A. Charlois,·,65.0
338,"September 25, 1892",Nice,A. Charlois,·,51.0
339,"September 25, 1892",Heidelberg,M. F. Wolf,EOS,44.0
340,"September 25, 1892",Heidelberg,M. F. Wolf,·,28.0
341,"September 25, 1892",Heidelberg,M. F. Wolf,slow,16.0
342,"October 17, 1892",Heidelberg,M. F. Wolf,·,64.0
343,"November 15, 1892",Heidelberg,M. F. Wolf,slow,18.0
344,"November 15, 1892",Nice,A. Charlois,·,124.0
345,"November 23, 1892",Nice,A. Charlois,·,90.0
346,"November 25, 1892",Nice,A. Charlois,·,86.0
347,"November 28, 1892",Nice,A. Charlois,·,49.0
348,"November 28, 1892",Nice,A. Charlois,·,83.0
349,"December 9, 1892",Nice,A. Charlois,·,140.0
350,"December 14, 1892",Nice,A. Charlois,·,129.0
351,"December 16, 1892",Heidelberg,M. F. Wolf,·,40.0
352,"January 12, 1893",Heidelberg,M. F. Wolf,·,27.0
353,"January 16, 1893",Heidelberg,M. F. Wolf,·,14.0
354,"January 17, 1893",Nice,A. Charlois,·,149.0
355,"January 20, 1893",Nice,A. Charlois,(5),24.0
356,"January 21, 1893",Nice,A. Charlois,·,146.0
357,"February 11, 1893",Nice,A. Charlois,·,124.0
358,"March 8, 1893",Nice,A. Charlois,·,90.0
359,"March 10, 1893",Nice,A. Charlois,·,44.0
360,"March 11, 1893",Nice,A. Charlois,·,129.0
361,"March 11, 1893",Nice,A. Charlois,T j (2.98) · 3:2,154.0
362,"March 12, 1893",Nice,A. Charlois,·,98.0
363,"March 17, 1893",Nice,A. Charlois,PAD,97.0
364,"March 19, 1893",Nice,A. Charlois,·,26.0
365,"March 21, 1893",Nice,A. Charlois,·,87.0
366,"March 21, 1893",Nice,A. Charlois,·,86.0
367,"May 19, 1893",Nice,A. Charlois,·,21.0
368,"May 19, 1893",Nice,A. Charlois,·,69.0
369,"July 4, 1893",Marseilles,A. Borrelly,·,74.0
370,"July 14, 1893",Nice,A. Charlois,·,38.0
371,"July 16, 1893",Nice,A. Charlois,·,53.0
372,"August 19, 1893",Nice,A. Charlois,·,174.0
373,"September 15, 1893",Nice,A. Charlois,·,99.0
374,"September 18, 1893",Nice,A. Charlois,·,45.0
375,"September 18, 1893",Nice,A. Charlois,URS,216.0
376,"September 18, 1893",Nice,A. Charlois,·,35.0
377,"September 20, 1893",Nice,A. Charlois,·,90.0
378,"December 6, 1893",Nice,A. Charlois,·,28.0
379,"January 8, 1894",Nice,A. Charlois,THM · moon,85.0
380,"January 8, 1894",Nice,A. Charlois,·,68.0
381,"January 10, 1894",Nice,A. Charlois,·,128.0
382,"January 29, 1894",Nice,A. Charlois,·,65.0
383,"January 29, 1894",Nice,A. Charlois,THM ·,43.0
384,"February 11, 1894",Bordeaux,F. Courty,slow,34.0
385,"March 1, 1894",Heidelberg,M. F. Wolf,·,86.0
386,"March 1, 1894",Heidelberg,M. F. Wolf,·,165.0
387,"March 5, 1894",Bordeaux,F. Courty,·,101.0
388,"March 7, 1894",Nice,A. Charlois,·,126.0
389,"March 8, 1894",Nice,A. Charlois,·,74.0
390,"March 24, 1894",Paris,G. Bigourdan,·,26.0
391,"November 1, 1894",Heidelberg,M. F. Wolf,·,16.0
392,"November 4, 1894",Heidelberg,M. F. Wolf,·,61.0
393,"November 4, 1894",Heidelberg,M. F. Wolf,·,116.0
394,"November 19, 1894",Marseilles,A. Borrelly,·,30.0
395,"November 30, 1894",Nice,A. Charlois,·,44.0
396,"December 1, 1894",Nice,A. Charlois,AEO,39.0
397,"December 19, 1894",Nice,A. Charlois,·,49.0
398,"December 28, 1894",Nice,A. Charlois,·,50.0
399,"February 23, 1895",Heidelberg,M. F. Wolf,·,40.0
400,"March 15, 1895",Nice,A. Charlois,·,36.0
401,"March 16, 1895",Heidelberg,M. F. Wolf,CYB,88.0
402,"March 21, 1895",Nice,A. Charlois,·,55.0
403,"May 18, 1895",Nice,A. Charlois,·,54.0
404,"June 20, 1895",Nice,A. Charlois,·,95.0
405,"July 23, 1895",Nice,A. Charlois,·,109.0
406,"August 22, 1895",Nice,A. Charlois,·,46.0
407,"October 13, 1895",Heidelberg,M. F. Wolf,·,95.0
408,"October 13, 1895",Heidelberg,M. F. Wolf,slow,36.0
409,"December 9, 1895",Nice,A. Charlois,·,171.0
410,"January 7, 1896",Nice,A. Charlois,CLO,119.0
411,"January 7, 1896",Nice,A. Charlois,·,77.0
412,"January 7, 1896",Heidelberg,M. F. Wolf,·,96.0
413,"January 7, 1896",Heidelberg,M. F. Wolf,·,34.0
414,"January 16, 1896",Nice,A. Charlois,CYB,89.0
415,"February 7, 1896",Heidelberg,M. F. Wolf,·,84.0
416,"May 4, 1896",Nice,A. Charlois,·,85.0
417,"May 6, 1896",Heidelberg,M. F. Wolf,·,55.0
418,"September 7, 1896",Heidelberg,M. F. Wolf,·,40.0
419,"September 7, 1896",Heidelberg,M. F. Wolf,·,149.0
420,"September 7, 1896",Heidelberg,M. F. Wolf,CYB,139.0
421,"September 7, 1896",Heidelberg,M. F. Wolf,·,14.0
422,"October 8, 1896",Urania,G. Witt,·,11.0
423,"December 7, 1896",Nice,A. Charlois,EOS,176.0
424,"December 31, 1896",Nice,A. Charlois,·,103.0
425,"December 28, 1896",Nice,A. Charlois,·,68.0
426,"August 25, 1897",Nice,A. Charlois,·,138.0
427,"August 27, 1897",Nice,A. Charlois,·,32.0
428,"November 18, 1897",Munich,W. Villiger,·,20.0
429,"November 23, 1897",Nice,A. Charlois,·,70.0
430,"December 18, 1897",Nice,A. Charlois,·,32.0
431,"December 18, 1897",Nice,A. Charlois,THM,102.0
432,"December 18, 1897",Nice,A. Charlois,PHO,47.0
433,"August 13, 1898",Urania,G. Witt,AMO + 1 km (0.62 mi),17.0
434,"September 11, 1898",Heidelberg,M. F. Wolf,H,8.9
435,"September 11, 1898",Heidelberg,"M. F. Wolf, A. Schwassmann",·,35.0
436,"September 13, 1898",Heidelberg,"M. F. Wolf, A. Schwassmann",·,59.0
437,"July 16, 1898",Nice,A. Charlois,slow,13.0
438,"November 8, 1898",Nice,A. Charlois,·,59.0
439,"October 13, 1898",Mount Hamilton,E. F. Coddington,·,70.0
440,"October 13, 1898",Mount Hamilton,E. F. Coddington,·,14.0
441,"December 8, 1898",Nice,A. Charlois,·,65.0
442,"February 15, 1899",Heidelberg,"M. F. Wolf , A. Schwassmann",·,62.0
443,"February 17, 1899",Heidelberg,"M. F. Wolf, A. Schwassmann",·,26.0
444,"March 31, 1899",Marseilles,J. Coggia,·,159.0
445,"October 2, 1899",Mount Hamilton,E. F. Coddington,·,88.0
446,"October 27, 1899",Heidelberg,"M. F. Wolf , A. Schwassmann",·,54.0
447,"October 27, 1899",Heidelberg,"M. F. Wolf, A. Schwassmann",·,85.0
448,"October 27, 1899",Heidelberg,"M. F. Wolf, A. Schwassmann",·,51.0
449,"October 31, 1899",Heidelberg,"M. F. Wolf, A. Schwassmann",·,86.0
450,"October 10, 1899",Heidelberg,"M. F. Wolf, A. Schwassmann",EOS,37.0
451,"December 4, 1899",Nice,A. Charlois,·,254.0
452,"December 6, 1899",Mount Hamilton,J. E. Keeler,KOR,12.0
453,"February 22, 1900",Nice,A. Charlois,·,24.0
454,"March 28, 1900",Heidelberg,A. Schwassmann,·,82.0
455,"May 22, 1900",Heidelberg,"M. F. Wolf , A. Schwassmann",·,89.0
456,"June 4, 1900",Heidelberg,"M. F. Wolf, A. Schwassmann",·,38.0
457,"September 15, 1900",Heidelberg,"M. F. Wolf, A. Schwassmann",·,19.0
458,"September 21, 1900",Heidelberg,"M. F. Wolf, A. Schwassmann",·,37.0
459,"October 22, 1900",Heidelberg,M. F. Wolf,·,26.0
460,"October 22, 1900",Heidelberg,M. F. Wolf,slow,20.0
461,"October 22, 1900",Heidelberg,M. F. Wolf,THM,44.0
462,"October 22, 1900",Heidelberg,M. F. Wolf,KOR,34.0
463,"October 31, 1900",Heidelberg,M. F. Wolf,PHO,21.0
464,"January 9, 1901",Heidelberg,M. F. Wolf,·,77.0
465,"January 13, 1901",Heidelberg,M. F. Wolf,·,73.0
466,"January 17, 1901",Heidelberg,"M. F. Wolf, L. Carnera",CYB,95.0
467,"January 9, 1901",Heidelberg,M. F. Wolf,·,39.0
468,"January 18, 1901",Heidelberg,M. F. Wolf,THM,60.0
469,"February 20, 1901",Heidelberg,L. Carnera,·,134.0
470,"April 21, 1901",Heidelberg,L. Carnera,slow,28.0
471,"June 7, 1901",Heidelberg,M. F. Wolf,·,148.0
472,"July 11, 1901",Heidelberg,L. Carnera,MAR,50.0
473,"February 13, 1901",Heidelberg,M. F. Wolf,EUN,12.0
474,"February 13, 1901",Heidelberg,M. F. Wolf,·,41.0
475,"August 14, 1901",Arequipa,D. Stewart,·,18.0
476,"August 17, 1901",Heidelberg,L. Carnera,·,138.0
477,"August 23, 1901",Heidelberg,L. Carnera,·,23.0
478,"September 21, 1901",Heidelberg,L. Carnera,·,81.0
479,"November 12, 1901",Heidelberg,L. Carnera,·,60.0
480,"May 21, 1901",Heidelberg,"M. F. Wolf , L. Carnera",HNS,56.0
481,"February 12, 1902",Heidelberg,L. Carnera,·,102.0
482,"March 3, 1902",Heidelberg,M. F. Wolf,·,46.0
483,"March 4, 1902",Heidelberg,M. F. Wolf,CYB,67.0
484,"April 29, 1902",Heidelberg,M. F. Wolf,·,30.0
485,"May 7, 1902",Heidelberg,L. Carnera,·,64.0
486,"May 11, 1902",Heidelberg,L. Carnera,·,23.0
487,"July 9, 1902",Heidelberg,L. Carnera,·,59.0
488,"June 26, 1902",Heidelberg,"M. F. Wolf , L. Carnera",·,168.0
489,"September 2, 1902",Heidelberg,L. Carnera,·,139.0
490,"September 3, 1902",Heidelberg,M. F. Wolf,VER,119.0
491,"September 3, 1902",Heidelberg,M. F. Wolf,·,91.0
492,"September 3, 1902",Heidelberg,M. F. Wolf,THM,53.0
493,"September 7, 1902",Heidelberg,M. F. Wolf,·,42.0
494,"October 7, 1902",Heidelberg,M. F. Wolf,·,101.0
495,"October 25, 1902",Heidelberg,M. F. Wolf,·,37.0
496,"October 25, 1902",Heidelberg,M. F. Wolf,slow,14.0
497,"November 4, 1902",Heidelberg,R. S. Dugan,·,41.0
498,"December 2, 1902",Nice,A. Charlois,·,82.0
499,"December 24, 1902",Heidelberg,M. F. Wolf,3:2,77.0
500,"January 16, 1903",Heidelberg,M. F. Wolf,·,41.0
501,"January 18, 1903",Heidelberg,M. F. Wolf,·,74.0
502,"January 19, 1903",Heidelberg,M. F. Wolf,PHO,16.0
503,"January 19, 1903",Heidelberg,R. S. Dugan,·,82.0
504,"June 30, 1902",Arequipa,S. I. Bailey,·,30.0
505,"August 21, 1902",Arequipa,R. H. Frost,·,115.0
506,"February 17, 1903",Heidelberg,R. S. Dugan,·,106.0
507,"February 19, 1903",Heidelberg,R. S. Dugan,EOS,45.0
508,"April 20, 1903",Heidelberg,R. S. Dugan,·,117.0
509,"April 28, 1903",Heidelberg,M. F. Wolf,·,52.0
510,"May 20, 1903",Heidelberg,R. S. Dugan,·,60.0
511,"May 30, 1903",Heidelberg,R. S. Dugan,·,270.0
512,"June 23, 1903",Heidelberg,M. F. Wolf,·,23.0
513,"August 24, 1903",Heidelberg,M. F. Wolf,EOS,49.0
514,"August 24, 1903",Heidelberg,M. F. Wolf,·,120.0
515,"September 20, 1903",Heidelberg,M. F. Wolf,THM,41.0
516,"September 20, 1903",Heidelberg,R. S. Dugan,·,65.0
517,"September 22, 1903",Heidelberg,R. S. Dugan,·,112.0
518,"October 20, 1903",Heidelberg,R. S. Dugan,·,16.0
519,"October 20, 1903",Heidelberg,R. S. Dugan,·,40.0
520,"October 27, 1903",Heidelberg,"M. F. Wolf , P. Götz",EOS,25.0
521,"January 10, 1904",Heidelberg,R. S. Dugan,·,107.0
522,"January 10, 1904",Heidelberg,M. F. Wolf,CYB,101.0
523,"January 27, 1904",Heidelberg,R. S. Dugan,·,32.0
524,"March 14, 1904",Heidelberg,M. F. Wolf,·,66.0
525,"October 21, 1908",Taunton,J. H. Metcalf,·,9.3
526,"March 14, 1904",Heidelberg,M. F. Wolf,THM,45.0
527,"March 20, 1904",Heidelberg,M. F. Wolf,·,53.0
528,"March 20, 1904",Heidelberg,M. F. Wolf,CYB,92.0
529,"March 20, 1904",Heidelberg,M. F. Wolf,EOS,32.0
530,"April 11, 1904",Heidelberg,M. F. Wolf,·,85.0
531,"April 12, 1904",Heidelberg,M. F. Wolf,PAL,18.0
532,"April 20, 1904",Heidelberg,M. F. Wolf,·,168.0
533,"April 19, 1904",Heidelberg,R. S. Dugan,·,31.0
534,"April 19, 1904",Heidelberg,R. S. Dugan,KOR,32.0
535,"May 7, 1904",Heidelberg,R. S. Dugan,·,79.0
536,"May 11, 1904",Washington,G. H. Peters,CYB,147.0
537,"July 7, 1904",Nice,A. Charlois,·,41.0
538,"July 18, 1904",Heidelberg,P. Götz,HYG,71.0
539,"August 2, 1904",Heidelberg,M. F. Wolf,·,68.0
540,"August 3, 1904",Heidelberg,M. F. Wolf,·,19.0
541,"August 4, 1904",Heidelberg,M. F. Wolf,·,60.0
542,"August 15, 1904",Heidelberg,"P. Götz , A. Kopff",·,42.0
543,"September 11, 1904",Heidelberg,P. Götz,·,46.0
544,"September 11, 1904",Heidelberg,P. Götz,·,27.0
545,"October 3, 1904",Heidelberg,P. Götz,·,113.0
546,"October 10, 1904",Heidelberg,P. Götz,·,66.0
547,"October 14, 1904",Heidelberg,P. Götz,·,52.0
548,"October 14, 1904",Heidelberg,P. Götz,·,14.0
549,"November 15, 1904",Heidelberg,M. F. Wolf,·,16.0
550,"November 16, 1904",Heidelberg,M. F. Wolf,·,37.0
551,"November 16, 1904",Heidelberg,M. F. Wolf,·,81.0
552,"December 14, 1904",Heidelberg,M. F. Wolf,·,89.0
553,"December 27, 1904",Heidelberg,M. F. Wolf,·,9.0
554,"January 8, 1905",Heidelberg,P. Götz,·,96.0
555,"January 14, 1905",Heidelberg,M. F. Wolf,·,31.0
556,"January 8, 1905",Heidelberg,P. Götz,V,36.0
557,"January 26, 1905",Heidelberg,M. F. Wolf,·,23.0
558,"February 9, 1905",Heidelberg,M. F. Wolf,·,55.0
559,"March 8, 1905",Heidelberg,M. F. Wolf,·,80.0
560,"March 13, 1905",Heidelberg,M. F. Wolf,·,35.0
561,"March 26, 1905",Heidelberg,M. F. Wolf,THM,32.0
562,"April 3, 1905",Heidelberg,M. F. Wolf,EOS,33.0
563,"April 6, 1905",Heidelberg,P. Götz,·,53.0
564,"May 9, 1905",Heidelberg,P. Götz,·,52.0
565,"May 9, 1905",Heidelberg,M. F. Wolf,·,27.0
566,"May 28, 1905",Heidelberg,P. Götz,CYB,167.0
567,"May 28, 1905",Heidelberg,P. Götz,·,93.0
568,"July 26, 1905",Heidelberg,P. Götz,·,71.0
569,"July 27, 1905",Vienna,J. Palisa,MIS,73.0
570,"July 30, 1905",Heidelberg,M. F. Wolf,CYB,87.0
571,"September 4, 1905",Heidelberg,P. Götz,slow,12.0
572,"September 19, 1905",Heidelberg,P. Götz,·,29.0
573,"September 19, 1905",Heidelberg,M. F. Wolf,EOS,48.0
574,"September 19, 1905",Heidelberg,M. F. Wolf,·,8.5
575,"September 19, 1905",Heidelberg,M. F. Wolf,MAR,19.0
576,"September 22, 1905",Heidelberg,P. Götz,·,74.0
577,"October 20, 1905",Heidelberg,M. F. Wolf,·,38.0
578,"November 1, 1905",Heidelberg,M. F. Wolf,·,69.0
579,"November 3, 1905",Heidelberg,A. Kopff,EOS,86.0
580,"December 17, 1905",Heidelberg,M. F. Wolf,·,48.0
581,"December 24, 1905",Taunton,J. H. Metcalf,·,61.0
582,"January 23, 1906",Heidelberg,A. Kopff,·,44.0
583,"December 31, 1905",Vienna,J. Palisa,·,78.0
584,"January 15, 1906",Heidelberg,A. Kopff,·,54.0
585,"February 16, 1906",Heidelberg,A. Kopff,·,50.0
586,"February 21, 1906",Heidelberg,M. F. Wolf,·,95.0
587,"February 22, 1906",Heidelberg,M. F. Wolf,PHO,11.0
588,"February 22, 1906",Heidelberg,M. F. Wolf,L4,130.0
589,"March 3, 1906",Heidelberg,A. Kopff,·,94.0
590,"March 4, 1906",Heidelberg,M. F. Wolf,EOS,31.0
591,"March 14, 1906",Heidelberg,A. Kopff,·,52.0
592,"March 18, 1906",Heidelberg,M. F. Wolf,·,44.0
593,"March 20, 1906",Heidelberg,A. Kopff,·,70.0
594,"March 27, 1906",Heidelberg,M. F. Wolf,·,9.2
595,"March 27, 1906",Heidelberg,A. Kopff,·,91.0
596,"February 21, 1906",Heidelberg,A. Kopff,·,160.0
597,"April 16, 1906",Heidelberg,M. F. Wolf,·,36.0
598,"April 13, 1906",Heidelberg,M. F. Wolf,·,78.0
599,"April 25, 1906",Taunton,J. H. Metcalf,·,70.0
600,"June 14, 1906",Taunton,J. H. Metcalf,·,25.0
601,"June 21, 1906",Heidelberg,M. F. Wolf,·,76.0
602,"February 16, 1906",Taunton,J. H. Metcalf,·,110.0
603,"February 16, 1906",Taunton,J. H. Metcalf,slow,14.0
604,"February 16, 1906",Taunton,J. H. Metcalf,·,65.0
605,"August 27, 1906",Heidelberg,M. F. Wolf,·,70.0
606,"September 18, 1906",Heidelberg,A. Kopff,BRG,36.0
607,"September 18, 1906",Heidelberg,A. Kopff,·,68.0
608,"September 18, 1906",Heidelberg,A. Kopff,EOS,20.0
609,"September 24, 1906",Heidelberg,M. F. Wolf,·,54.0
610,"September 26, 1906",Heidelberg,M. F. Wolf,·,19.0
611,"September 24, 1906",Taunton,J. H. Metcalf,·,57.0
612,"October 8, 1906",Heidelberg,A. Kopff,·,39.0
613,"October 11, 1906",Heidelberg,A. Kopff,·,81.0
614,"October 11, 1906",Heidelberg,A. Kopff,·,29.0
615,"October 11, 1906",Heidelberg,A. Kopff,·,49.0
616,"October 17, 1906",Heidelberg,A. Kopff,MAR,21.0
617,"October 17, 1906",Heidelberg,A. Kopff,L5 · moon · slow,140.0
618,"October 17, 1906",Heidelberg,"Lohnert, K.",ELF,131.0
619,"October 22, 1906",Heidelberg,A. Kopff,·,29.0
620,"October 26, 1906",Taunton,J. H. Metcalf,·,11.0
621,"November 11, 1906",Heidelberg,A. Kopff,THM ·,30.0
622,"November 13, 1906",Taunton,J. H. Metcalf,·,22.0
623,"January 22, 1907",Heidelberg,"Lohnert, K.",PHO,44.0
624,"February 10, 1907",Heidelberg,A. Kopff,L4 · HEK · moon,225.0
625,"February 11, 1907",Heidelberg,A. Kopff,·,28.0
626,"February 11, 1907",Heidelberg,A. Kopff,·,73.0
627,"March 4, 1907",Heidelberg,A. Kopff,·,38.0
628,"March 7, 1907",Heidelberg,A. Kopff,·,48.0
629,"March 7, 1907",Heidelberg,A. Kopff,·,35.0
630,"March 7, 1907",Heidelberg,A. Kopff,EUN · slow,16.0
631,"March 21, 1907",Heidelberg,A. Kopff,·,50.0
632,"April 5, 1907",Heidelberg,A. Kopff,·,14.0
633,"May 12, 1907",Heidelberg,A. Kopff,EOS,33.0
634,"May 12, 1907",Heidelberg,A. Kopff,·,74.0
635,"June 9, 1907",Heidelberg,"Lohnert, K.",EOS,94.0
636,"February 8, 1907",Taunton,J. H. Metcalf,·,73.0
637,"March 11, 1907",Taunton,J. H. Metcalf,THM,24.0
638,"May 5, 1907",Taunton,J. H. Metcalf,·,60.0
639,"July 19, 1907",Heidelberg,"Lohnert, K.",EOS,79.0
640,"August 29, 1907",Heidelberg,A. Kopff,·,63.0
641,"September 8, 1907",Heidelberg,M. F. Wolf,slow,9.4
642,"September 8, 1907",Heidelberg,M. F. Wolf,·,33.0
643,"September 8, 1907",Heidelberg,A. Kopff,CYB,65.0
644,"September 7, 1907",Heidelberg,A. Kopff,·,17.0
645,"September 13, 1907",Taunton,J. H. Metcalf,·,29.0
646,"September 11, 1907",Heidelberg,A. Kopff,·,8.2
647,"September 11, 1907",Heidelberg,A. Kopff,·,9.7
648,"September 11, 1907",Heidelberg,A. Kopff,·,68.0
649,"September 11, 1907",Heidelberg,A. Kopff,·,7.7
650,"October 4, 1907",Heidelberg,A. Kopff,NYS,19.0
651,"October 4, 1907",Heidelberg,A. Kopff,EOS,32.0
652,"November 4, 1907",Vienna,J. Palisa,·,16.0
653,"November 27, 1907",Taunton,J. H. Metcalf,EOS,50.0
654,"January 4, 1908",Heidelberg,A. Kopff,PHO,161.0
655,"November 4, 1907",Taunton,J. H. Metcalf,slow,29.0
656,"January 22, 1908",Heidelberg,A. Kopff,THM,63.0
657,"January 23, 1908",Heidelberg,A. Kopff,·,39.0
658,"January 23, 1908",Heidelberg,A. Kopff,KOR,22.0
659,"March 23, 1908",Heidelberg,M. F. Wolf,L4,112.0
660,"January 8, 1908",Taunton,J. H. Metcalf,MAR,42.0
661,"February 22, 1908",Taunton,J. H. Metcalf,EOS,40.0
662,"March 30, 1908",Taunton,J. H. Metcalf,·,22.0
663,"June 24, 1908",Heidelberg,A. Kopff,·,108.0
664,"June 24, 1908",Heidelberg,A. Kopff,·,85.0
665,"July 22, 1908",Heidelberg,W. Lorenz,·,51.0
666,"July 23, 1908",Heidelberg,A. Kopff,·,33.0
667,"July 23, 1908",Heidelberg,A. Kopff,·,89.0
668,"July 27, 1908",Heidelberg,A. Kopff,DOR,22.0
669,"August 20, 1908",Heidelberg,A. Kopff,EOS,29.0
670,"August 20, 1908",Heidelberg,A. Kopff,·,36.0
671,"September 21, 1908",Vienna,J. Palisa,·,61.0
672,"September 21, 1908",Heidelberg,A. Kopff,·,36.0
673,"September 20, 1908",Taunton,J. H. Metcalf,·,38.0
674,"October 28, 1908",Heidelberg,W. Lorenz,·,96.0
675,"August 30, 1908",Taunton,J. H. Metcalf,·,76.0
676,"January 16, 1909",Greenwich,P. Melotte,EOS,78.0
677,"January 18, 1909",Heidelberg,A. Kopff,·,32.0
678,"January 22, 1909",Heidelberg,W. Lorenz,·,40.0
679,"January 28, 1909",Heidelberg,A. Kopff,·,64.0
680,"April 22, 1909",Heidelberg,A. Kopff,·,84.0
681,"May 13, 1909",Heidelberg,A. Kopff,·,20.0
682,"June 17, 1909",Heidelberg,A. Kopff,EUN,10.0
683,"July 23, 1909",Heidelberg,M. F. Wolf,·,83.0
684,"August 8, 1909",Heidelberg,A. Kopff,·,19.0
685,"August 12, 1909",Heidelberg,W. Lorenz,·,11.0
686,"August 15, 1909",Heidelberg,A. Kopff,(194),55.0
687,"August 16, 1909",Vienna,J. Palisa,·,22.0
688,"August 25, 1909",Vienna,J. Palisa,·,42.0
689,"September 12, 1909",Vienna,J. Palisa,·,16.0
690,"October 16, 1909",Taunton,J. H. Metcalf,·,135.0
691,"December 11, 1909",Taunton,J. H. Metcalf,·,79.0
692,"November 5, 1901",Heidelberg,"M. F. Wolf , A. Kopff",T j (2.96) · CYB,43.0
693,"September 21, 1909",Heidelberg,A. Kopff,·,82.0
694,"November 7, 1909",Taunton,J. H. Metcalf,·,122.0
695,"November 7, 1909",Taunton,J. H. Metcalf,MAR,41.0
696,"January 10, 1910",Taunton,J. H. Metcalf,·,82.0
697,"February 14, 1910",Heidelberg,J. Helffrich,·,80.0
698,"March 5, 1910",Heidelberg,J. Helffrich,·,27.0
699,"June 5, 1910",Heidelberg,J. Helffrich,·,20.0
700,"June 5, 1910",Heidelberg,J. Helffrich,·,16.0
701,"July 12, 1910",Heidelberg,J. Helffrich,·,43.0
702,"July 16, 1910",Heidelberg,J. Helffrich,moon,191.0
703,"October 3, 1910",Vienna,J. Palisa,slow,7.2
704,"October 2, 1910",Teramo,V. Cerulli,·,306.0
705,"October 6, 1910",Heidelberg,E. Ernst,·,132.0
706,"October 9, 1910",Heidelberg,J. Helffrich,·,31.0
707,"December 22, 1910",Heidelberg,M. F. Wolf,slow,9.0
708,"February 3, 1911",Heidelberg,J. Helffrich,·,21.0
709,"February 3, 1911",Heidelberg,J. Helffrich,·,95.0
710,"February 28, 1911",Vienna,J. Palisa,THM,29.0
711,"March 1, 1911",Vienna,J. Palisa,·,9.0
712,"March 19, 1911",Heidelberg,M. F. Wolf,·,124.0
713,"April 18, 1911",Heidelberg,J. Helffrich,CYB,98.0
714,"May 18, 1911",Heidelberg,J. Helffrich,MAR,41.0
715,"April 22, 1911",Johannesburg,H. E. Wood,·,25.0
716,"July 30, 1911",Vienna,J. Palisa,·,20.0
717,"August 26, 1911",Heidelberg,F. Kaiser,·,28.0
718,"September 29, 1911",Vienna,J. Palisa,·,71.0
719,"October 3, 1911",Vienna,J. Palisa,AMO + 1 km (0.62 mi),2.7
720,"October 18, 1911",Heidelberg,F. Kaiser,KOR,34.0
721,"October 18, 1911",Heidelberg,F. Kaiser,CYB,86.0
722,"October 18, 1911",Vienna,J. Palisa,slow,8.3
723,"October 21, 1911",Vienna,J. Palisa,·,23.0
724,"October 21, 1911",Vienna,J. Palisa,·,9.5
725,"October 21, 1911",Vienna,J. Palisa,·,24.0
726,"November 22, 1911",Winchester,J. H. Metcalf,·,44.0
727,"February 11, 1912",Heidelberg,A. Massinger,MAR,32.0
728,"February 16, 1912",Vienna,J. Palisa,·,5.9
729,"February 9, 1912",Winchester,J. H. Metcalf,WAT,50.0
730,"April 10, 1912",Vienna,J. Palisa,·,4.5
731,"April 15, 1912",Heidelberg,A. Massinger,·,35.0
732,"April 15, 1912",Heidelberg,A. Massinger,·,30.0
733,"September 16, 1912",Heidelberg,M. F. Wolf,CYB,98.0
734,"October 11, 1912",Vienna,J. Palisa,·,67.0
735,"December 9, 1912",Heidelberg,H. Vogt,·,68.0
736,"November 16, 1912",Winchester,J. H. Metcalf,·,17.0
737,"December 7, 1912",Winchester,J. H. Metcalf,·,48.0
738,"January 7, 1913",Heidelberg,F. Kaiser,·,63.0
739,"February 7, 1913",Winchester,J. H. Metcalf,·,105.0
740,"February 10, 1913",Winchester,J. H. Metcalf,·,91.0
741,"February 10, 1913",Winchester,J. H. Metcalf,·,30.0
742,"February 23, 1913",Heidelberg,F. Kaiser,EOS,47.0
743,"February 25, 1913",Heidelberg,F. Kaiser,·,51.0
744,"February 26, 1913",Vienna,J. Rheden,·,59.0
745,"March 1, 1913",Heidelberg,F. Kaiser,·,25.0
746,"March 1, 1913",Heidelberg,F. Kaiser,·,74.0
747,"March 7, 1913",Winchester,J. H. Metcalf,·,172.0
748,"March 14, 1913",Crimea-Simeis,G. N. Neujmin,3:2,104.0
749,"April 5, 1913",Crimea-Simeis,S. Belyavsky,·,11.0
750,"April 28, 1913",Vienna,J. Palisa,NYS,23.0
751,"April 28, 1913",Crimea-Simeis,G. N. Neujmin,·,114.0
752,"April 30, 1913",Crimea-Simeis,G. N. Neujmin,SUL,60.0
753,"April 30, 1913",Crimea-Simeis,G. N. Neujmin,·,21.0
754,"August 22, 1906",Heidelberg,A. Kopff,·,95.0
755,"April 6, 1908",Taunton,J. H. Metcalf,·,41.0
756,"April 26, 1908",Taunton,J. H. Metcalf,·,65.0
757,"September 30, 1908",Taunton,J. H. Metcalf,·,33.0
758,"May 18, 1912",Johannesburg,H. E. Wood,HYG,89.0
759,"August 26, 1913",Heidelberg,F. Kaiser,·,53.0
760,"August 28, 1913",Heidelberg,F. Kaiser,·,71.0
761,"September 8, 1913",Heidelberg,F. Kaiser,KOR · moon,21.0
762,"September 3, 1913",Crimea-Simeis,G. N. Neujmin,moon,147.0
763,"September 25, 1913",Heidelberg,F. Kaiser,slow,7.0
764,"September 26, 1913",Heidelberg,F. Kaiser,·,58.0
765,"September 26, 1913",Heidelberg,F. Kaiser,(5),8.0
766,"September 29, 1913",Heidelberg,F. Kaiser,EOS ·,41.0
767,"September 23, 1913",Winchester,J. H. Metcalf,THM,43.0
768,"October 4, 1913",Crimea-Simeis,G. N. Neujmin,·,33.0
769,"October 6, 1913",Crimea-Simeis,G. N. Neujmin,·,97.0
770,"October 31, 1913",Heidelberg,A. Massinger,·,16.0
771,"November 21, 1913",Vienna,J. Rheden,·,29.0
772,"December 19, 1913",Heidelberg,A. Massinger,·,126.0
773,"December 22, 1913",Heidelberg,F. Kaiser,·,92.0
774,"December 19, 1913",Paris,C. le Morvan,·,50.0
775,"January 6, 1914",Nice,J. Lagrula,EOS,32.0
776,"January 24, 1914",Heidelberg,A. Massinger,·,152.0
777,"January 24, 1914",Heidelberg,F. Kaiser,·,72.0
778,"January 25, 1914",Heidelberg,F. Kaiser,THB,55.0
779,"January 25, 1914",Crimea-Simeis,G. N. Neujmin,·,81.0
780,"January 25, 1914",Crimea-Simeis,G. N. Neujmin,ARM,126.0
781,"January 25, 1914",Crimea-Simeis,G. N. Neujmin,·,73.0
782,"March 18, 1914",Vienna,J. Palisa,·,14.0
783,"March 18, 1914",Vienna,J. Palisa,·,39.0
784,"March 20, 1914",Winchester,J. H. Metcalf,·,76.0
785,"March 30, 1914",Heidelberg,A. Massinger,·,49.0
786,"April 20, 1914",Heidelberg,F. Kaiser,·,108.0
787,"April 20, 1914",Crimea-Simeis,G. N. Neujmin,MAR,28.0
788,"April 28, 1914",Heidelberg,F. Kaiser,·,111.0
789,"June 24, 1914",Crimea-Simeis,G. N. Neujmin,·,22.0
790,"January 16, 1912",Johannesburg,H. E. Wood,CYB,170.0
791,"June 29, 1914",Crimea-Simeis,G. N. Neujmin,·,117.0
792,"March 20, 1907",Taunton,J. H. Metcalf,·,62.0
793,"April 9, 1907",Flagstaff,P. Lowell,·,27.0
794,"August 27, 1914",Vienna,J. Palisa,·,36.0
795,"September 26, 1914",Vienna,J. Palisa,·,85.0
796,"October 15, 1914",Heidelberg,K. Reinmuth,·,44.0
797,"November 17, 1914",Hamburg-Bergedorf,H. Thiele,·,21.0
798,"November 21, 1914",Heidelberg,M. F. Wolf,EOS,43.0
799,"March 9, 1915",Heidelberg,K. Reinmuth,·,47.0
800,"March 20, 1915",Heidelberg,M. F. Wolf,·,15.0
801,"March 20, 1915",Heidelberg,M. F. Wolf,EUN,32.0
802,"March 20, 1915",Heidelberg,M. F. Wolf,·,7.4
803,"March 21, 1915",Vienna,J. Palisa,·,46.0
804,"March 20, 1915",Barcelona,J. Comas i Solà,·,138.0
805,"April 17, 1915",Heidelberg,M. F. Wolf,·,73.0
806,"April 18, 1915",Heidelberg,M. F. Wolf,·,83.0
807,"April 18, 1915",Heidelberg,M. F. Wolf,EOS,21.0
808,"October 11, 1901",Heidelberg,L. Carnera,MRX,31.0
809,"August 11, 1915",Heidelberg,M. F. Wolf,moon,9.4
810,"September 8, 1915",Heidelberg,M. F. Wolf,·,8.1
811,"September 8, 1915",Heidelberg,M. F. Wolf,KOR,16.0
812,"September 8, 1915",Crimea-Simeis,S. Belyavsky,EUN,12.0
813,"November 28, 1915",Heidelberg,M. F. Wolf,·,12.0
814,"January 2, 1916",Crimea-Simeis,G. N. Neujmin,·,102.0
815,"February 2, 1916",Heidelberg,M. F. Wolf,·,17.0
816,"February 8, 1916",Heidelberg,M. F. Wolf,·,51.0
817,"February 6, 1916",Heidelberg,M. F. Wolf,·,23.0
818,"February 21, 1916",Heidelberg,M. F. Wolf,·,64.0
819,"March 3, 1916",Heidelberg,M. F. Wolf,·,8.9
820,"March 30, 1916",Heidelberg,M. F. Wolf,·,59.0
821,"March 31, 1916",Heidelberg,M. F. Wolf,slow,29.0
822,"March 31, 1916",Heidelberg,M. F. Wolf,·,8.2
823,"March 31, 1916",Heidelberg,M. F. Wolf,slow,15.0
824,"March 25, 1916",Crimea-Simeis,G. N. Neujmin,slow,32.0
825,"March 27, 1916",Crimea-Simeis,G. N. Neujmin,·,13.0
826,"April 28, 1916",Heidelberg,M. F. Wolf,·,23.0
827,"August 29, 1916",Vienna,J. Palisa,·,8.5
828,"August 29, 1916",Vienna,J. Palisa,·,48.0
829,"August 25, 1916",Crimea-Simeis,G. N. Neujmin,·,43.0
830,"August 25, 1916",Crimea-Simeis,G. N. Neujmin,·,41.0
831,"September 20, 1916",Heidelberg,M. F. Wolf,slow,7.2
832,"September 20, 1916",Heidelberg,M. F. Wolf,KOR,16.0
833,"September 20, 1916",Heidelberg,M. F. Wolf,EOS,22.0
834,"September 20, 1916",Heidelberg,M. F. Wolf,·,61.0
835,"September 23, 1916",Heidelberg,M. F. Wolf,·,30.0
836,"September 23, 1916",Heidelberg,M. F. Wolf,·,5.8
837,"September 23, 1916",Heidelberg,M. F. Wolf,slow,6.0
838,"September 24, 1916",Heidelberg,M. F. Wolf,·,58.0
839,"September 24, 1916",Heidelberg,M. F. Wolf,·,20.0
840,"September 25, 1916",Heidelberg,M. F. Wolf,·,27.0
841,"October 1, 1916",Heidelberg,M. F. Wolf,·,7.5
842,"October 1, 1916",Heidelberg,M. F. Wolf,·,44.0
843,"September 30, 1916",Hamburg-Bergedorf,H. Thiele,·,5.0
844,"October 1, 1916",Vienna,J. Rheden,·,42.0
845,"November 16, 1916",Heidelberg,M. F. Wolf,NAE,53.0
846,"November 26, 1916",Hamburg-Bergedorf,K. Gyllenberg,THM · slow,52.0
847,"September 2, 1915",Crimea-Simeis,G. N. Neujmin,AGN,25.0
848,"September 5, 1915",Crimea-Simeis,G. N. Neujmin,THM,33.0
849,"February 9, 1912",Crimea-Simeis,S. Belyavsky,·,81.0
850,"March 27, 1916",Crimea-Simeis,S. Belyavsky,·,81.0
851,"April 2, 1916",Crimea-Simeis,S. Belyavsky,·,13.0
852,"April 2, 1916",Crimea-Simeis,S. Belyavsky,PHO,27.0
853,"April 2, 1916",Crimea-Simeis,S. Belyavsky,·,28.0
854,"April 3, 1916",Crimea-Simeis,S. Belyavsky,moon,7.8
855,"April 3, 1916",Crimea-Simeis,S. Belyavsky,·,12.0
856,"April 3, 1916",Crimea-Simeis,S. Belyavsky,PHO,45.0
857,"April 6, 1916",Crimea-Simeis,S. Belyavsky,·,14.0
858,"May 26, 1916",Algiers,F. Sy,·,23.0
859,"October 2, 1916",Algiers,F. Sy,·,65.0
860,"January 22, 1917",Heidelberg,M. F. Wolf,·,35.0
861,"January 22, 1917",Heidelberg,M. F. Wolf,·,67.0
862,"January 28, 1917",Heidelberg,M. F. Wolf,·,27.0
863,"February 9, 1917",Heidelberg,M. F. Wolf,·,39.0
864,"September 30, 1921",Heidelberg,K. Reinmuth,·,7.2
865,"February 15, 1917",Heidelberg,M. F. Wolf,PHO,18.0
866,"February 25, 1917",Heidelberg,M. F. Wolf,·,78.0
867,"February 25, 1917",Vienna,J. Palisa,·,24.0
868,"April 26, 1917",Heidelberg,M. F. Wolf,·,51.0
869,"May 9, 1917",Hamburg-Bergedorf,R. Schorr,·,21.0
870,"May 12, 1917",Heidelberg,M. F. Wolf,slow,14.0
871,"May 14, 1917",Heidelberg,M. F. Wolf,·,8.0
872,"May 21, 1917",Heidelberg,M. F. Wolf,·,34.0
873,"May 21, 1917",Heidelberg,M. F. Wolf,·,34.0
874,"May 25, 1917",Heidelberg,M. F. Wolf,·,58.0
875,"May 19, 1917",Heidelberg,M. F. Wolf,MAR,14.0
876,"June 20, 1917",Vienna,J. Palisa,EOS,22.0
877,"September 13, 1915",Crimea-Simeis,G. N. Neujmin,·,38.0
878,"September 6, 1916",Mount Wilson,S. B. Nicholson,NYS,2.5
879,"July 22, 1917",Heidelberg,M. F. Wolf,MAR · slow,18.0
880,"July 22, 1917",Heidelberg,M. F. Wolf,·,32.0
881,"July 22, 1917",Heidelberg,M. F. Wolf,·,12.0
882,"August 15, 1917",Crimea-Simeis,G. N. Neujmin,·,42.0
883,"September 14, 1917",Heidelberg,M. F. Wolf,(883),7.0
884,"September 22, 1917",Heidelberg,M. F. Wolf,L5,101.0
885,"September 23, 1917",Crimea-Simeis,S. Belyavsky,THM,31.0
886,"November 16, 1917",Washington,G. H. Peters,·,87.0
887,"January 3, 1918",Heidelberg,M. F. Wolf,AMO + 1 km (0.62 mi) · (887),4.2
888,"February 2, 1918",Heidelberg,M. F. Wolf,·,45.0
889,"March 5, 1918",Heidelberg,M. F. Wolf,·,17.0
890,"March 11, 1918",Heidelberg,M. F. Wolf,EOS,28.0
891,"May 17, 1918",Heidelberg,M. F. Wolf,·,56.0
892,"May 31, 1918",Heidelberg,M. F. Wolf,·,74.0
893,"May 31, 1918",Heidelberg,M. F. Wolf,·,86.0
894,"June 4, 1918",Heidelberg,M. F. Wolf,·,28.0
895,"July 11, 1918",Heidelberg,M. F. Wolf,(895),110.0
896,"August 1, 1918",Heidelberg,M. F. Wolf,·,12.0
897,"August 3, 1918",Heidelberg,M. F. Wolf,MAR,24.0
898,"August 3, 1918",Heidelberg,M. F. Wolf,·,12.0
899,"August 3, 1918",Heidelberg,M. F. Wolf,·,31.0
900,"August 10, 1918",Heidelberg,M. F. Wolf,·,20.0
901,"August 30, 1918",Heidelberg,M. F. Wolf,·,13.0
902,"September 3, 1918",Vienna,J. Palisa,·,8.6
903,"September 13, 1918",Vienna,J. Palisa,·,58.0
904,"October 29, 1918",Heidelberg,M. F. Wolf,·,49.0
905,"October 30, 1918",Hamburg-Bergedorf,A. Schwassmann,·,12.0
906,"October 30, 1918",Hamburg-Bergedorf,A. Schwassmann,·,66.0
907,"November 12, 1918",Heidelberg,M. F. Wolf,·,83.0
908,"November 30, 1918",Heidelberg,M. F. Wolf,PHO,31.0
909,"February 7, 1919",Heidelberg,K. Reinmuth,ULA · CYB,116.0
910,"March 1, 1919",Heidelberg,K. Reinmuth,·,49.0
911,"March 19, 1919",Heidelberg,K. Reinmuth,L4,131.0
912,"April 27, 1919",Hamburg-Bergedorf,A. Schwassmann,slow,83.0
913,"May 19, 1919",Heidelberg,K. Reinmuth,·,12.0
914,"July 4, 1919",Heidelberg,M. F. Wolf,PHO,76.0
915,"December 14, 1918",Algiers,F. Gonnessiat,·,12.0
916,"August 7, 1915",Crimea-Simeis,G. N. Neujmin,·,33.0
917,"September 5, 1915",Crimea-Simeis,G. N. Neujmin,·,35.0
918,"August 22, 1919",Heidelberg,K. Reinmuth,·,22.0
919,"October 30, 1918",Heidelberg,M. F. Wolf,·,34.0
920,"September 1, 1919",Heidelberg,K. Reinmuth,·,27.0
921,"September 4, 1919",Heidelberg,K. Reinmuth,·,55.0
922,"September 18, 1919",Heidelberg,K. Reinmuth,·,19.0
923,"September 30, 1919",Heidelberg,K. Reinmuth,·,35.0
924,"October 20, 1919",Heidelberg,K. Reinmuth,·,85.0
925,"January 13, 1920",Barcelona,J. Comas i Solà,·,58.0
926,"February 15, 1920",Heidelberg,K. Reinmuth,·,48.0
927,"February 16, 1920",Heidelberg,M. F. Wolf,·,76.0
928,"February 23, 1920",Heidelberg,K. Reinmuth,·,63.0
929,"March 10, 1920",Heidelberg,K. Reinmuth,·,11.0
930,"March 10, 1920",Hamburg-Bergedorf,W. Baade,PHO · slow,35.0
931,"March 19, 1920",Algiers,F. Gonnessiat,·,45.0
932,"March 23, 1920",Vienna,J. Palisa,·,59.0
933,"February 10, 1927",Heidelberg,K. Reinmuth,ERI,22.0
934,"August 15, 1920",Hamburg-Bergedorf,W. Baade,·,54.0
935,"September 7, 1920",Heidelberg,K. Reinmuth,·,6.4
936,"September 8, 1920",Heidelberg,K. Reinmuth,THM ·,43.0
937,"September 12, 1920",Heidelberg,K. Reinmuth,·,11.0
938,"September 9, 1920",Heidelberg,K. Reinmuth,THM,33.0
939,"October 4, 1920",Heidelberg,K. Reinmuth,moon,10.0
940,"October 10, 1920",Heidelberg,K. Reinmuth,CYB,80.0
941,"October 10, 1920",Vienna,J. Palisa,·,18.0
942,"October 11, 1920",Heidelberg,K. Reinmuth,·,37.0
943,"October 20, 1920",Heidelberg,K. Reinmuth,·,71.0
944,"October 31, 1920",Hamburg-Bergedorf,W. Baade,T j (2.07) · unusual,38.0
945,"February 3, 1921",Barcelona,J. Comas i Solà,BAR,26.0
946,"February 11, 1921",Heidelberg,M. F. Wolf,THM · slow,36.0
947,"February 8, 1921",Hamburg-Bergedorf,A. Schwassmann,·,26.0
948,"March 3, 1921",Heidelberg,K. Reinmuth,·,17.0
949,"March 11, 1921",Heidelberg,M. F. Wolf,·,63.0
950,"April 1, 1921",Heidelberg,K. Reinmuth,PHO · slow,14.0
951,"July 30, 1916",Crimea-Simeis,G. N. Neujmin,·,12.0
952,"October 27, 1916",Crimea-Simeis,G. N. Neujmin,·,89.0
953,"April 29, 1921",Algiers,B. Jekhovsky,·,24.0
954,"August 4, 1921",Heidelberg,K. Reinmuth,THM,59.0
955,"August 5, 1921",Heidelberg,K. Reinmuth,·,17.0
956,"August 8, 1921",Heidelberg,K. Reinmuth,·,10.0
957,"September 7, 1921",Heidelberg,K. Reinmuth,·,92.0
958,"September 28, 1921",Heidelberg,K. Reinmuth,3:2,45.0
959,"September 30, 1921",Heidelberg,K. Reinmuth,slow,45.0
960,"October 1, 1921",Heidelberg,K. Reinmuth,·,7.5
961,"October 10, 1921",Heidelberg,K. Reinmuth,·,37.0
962,"October 25, 1921",Heidelberg,K. Reinmuth,KOR,20.0
963,"October 26, 1921",Heidelberg,K. Reinmuth,·,9.0
964,"October 27, 1921",Vienna,J. Palisa,·,20.0
965,"November 4, 1921",La Plata Observatory,J. Hartmann,·,61.0
966,"November 9, 1921",Hamburg-Bergedorf,W. Baade,EUN,26.0
967,"November 9, 1921",Hamburg-Bergedorf,W. Baade,·,10.0
968,"November 24, 1921",Heidelberg,K. Reinmuth,·,24.0
969,"November 5, 1921",Crimea-Simeis,S. Belyavsky,·,17.0
970,"November 29, 1921",Heidelberg,K. Reinmuth,·,9.2
971,"November 23, 1921",Nice,A. Schaumasse,·,61.0
972,"January 18, 1922",Heidelberg,M. F. Wolf,·,78.0
973,"March 18, 1922",Heidelberg,K. Reinmuth,URS,52.0
974,"March 18, 1922",Heidelberg,K. Reinmuth,·,25.0
975,"March 27, 1922",Vienna,J. Palisa,KOR,22.0
976,"March 27, 1922",Algiers,B. Jekhovsky,·,83.0
977,"April 6, 1922",Algiers,B. Jekhovsky,·,65.0
978,"May 18, 1922",Crimea-Simeis,S. Belyavsky,·,92.0
979,"June 29, 1922",Heidelberg,K. Reinmuth,·,36.0
980,"November 21, 1921",Washington,G. H. Peters,·,75.0
981,"September 23, 1917",Crimea-Simeis,S. Belyavsky,THM,33.0
982,"May 21, 1922",Johannesburg,H. E. Wood,slow,33.0
983,"July 30, 1922",Heidelberg,K. Reinmuth,·,74.0
984,"August 27, 1922",Heidelberg,K. Reinmuth,·,32.0
985,"October 14, 1922",Heidelberg,K. Reinmuth,·,8.4
986,"October 19, 1922",Barcelona,J. Comas i Solà,·,49.0
987,"October 23, 1922",Heidelberg,K. Reinmuth,·,53.0
988,"November 10, 1922",Algiers,B. Jekhovsky,slow,20.0
989,"November 18, 1922",Hamburg-Bergedorf,A. Schwassmann,slow,13.0
990,"November 23, 1922",Williams Bay,G. Van Biesbroeck,·,21.0
991,"October 24, 1922",Williams Bay,O. Struve,THM,39.0
992,"November 14, 1922",Williams Bay,O. Struve,·,28.0
993,"January 12, 1923",Williams Bay,G. Van Biesbroeck,KOR,12.0
994,"March 18, 1923",Heidelberg,K. Reinmuth,·,21.0
995,"June 8, 1923",Crimea-Simeis,S. Belyavsky,·,20.0
996,"March 21, 1923",Vienna,J. Palisa,THM,29.0
997,"July 12, 1923",Heidelberg,K. Reinmuth,ADE,20.0
998,"August 6, 1923",Heidelberg,K. Reinmuth,·,32.0
999,"August 9, 1923",Heidelberg,K. Reinmuth,·,17.0
1000,"August 12, 1923",Heidelberg,K. Reinmuth,·,48.0
1001,"August 8, 1923",Crimea-Simeis,S. Belyavsky,·,73.0
1002,"August 15, 1923",Crimea-Simeis,V. Albitskij,·,23.0
1003,"September 13, 1923",Heidelberg,K. Reinmuth,THM ·,34.0
1004,"September 5, 1923",Crimea-Simeis,S. Belyavsky,CYB,72.0
1005,"September 5, 1923",Crimea-Simeis,S. Belyavsky,·,61.0
1006,"September 12, 1923",Crimea-Simeis,S. Belyavsky,·,35.0
1007,"October 5, 1923",Crimea-Simeis,V. Albitskij,slow,18.0
1008,"October 31, 1923",Heidelberg,M. F. Wolf,·,41.0
1009,"October 31, 1923",Heidelberg,K. Reinmuth,·,6.3
1010,"November 12, 1923",Heidelberg,K. Reinmuth,·,47.0
1011,"January 5, 1924",Heidelberg,K. Reinmuth,·,10.0
1012,"January 12, 1924",Heidelberg,K. Reinmuth,·,21.0
1013,"January 17, 1924",Algiers,B. Jekhovsky,·,35.0
1014,"January 29, 1924",Heidelberg,K. Reinmuth,·,17.0
1015,"January 31, 1924",Heidelberg,K. Reinmuth,·,82.0
1016,"January 31, 1924",Heidelberg,K. Reinmuth,moon,9.5
1017,"February 4, 1924",Algiers,B. Jekhovsky,·,40.0
1018,"March 3, 1924",Heidelberg,K. Reinmuth,·,17.0
1019,"March 3, 1924",Heidelberg,K. Reinmuth,H,7.2
1020,"March 7, 1924",Heidelberg,K. Reinmuth,AGN,10.0
1021,"March 11, 1924",Heidelberg,M. F. Wolf,·,101.0
1022,"June 23, 1924",Crimea-Simeis,V. Albitskij,·,34.0
1023,"June 25, 1924",Heidelberg,K. Reinmuth,·,58.0
1024,"December 2, 1923",Williams Bay,G. Van Biesbroeck,slow,43.0
1025,"August 12, 1923",Heidelberg,K. Reinmuth,H,4.6
1026,"August 13, 1923",Heidelberg,K. Reinmuth,·,7.4
1027,"November 11, 1923",Williams Bay,G. Van Biesbroeck,THM,31.0
1028,"November 6, 1923",Crimea-Simeis,V. Albitskij,CYB,89.0
1029,"April 28, 1924",La Plata Observatory,J. Hartmann,KOR,21.0
1030,"May 25, 1924",Crimea-Simeis,V. Albitskij,·,60.0
1031,"June 6, 1924",Crimea-Simeis,S. Belyavsky,·,75.0
1032,"May 30, 1924",Johannesburg,H. E. Wood,slow,66.0
1033,"September 4, 1924",Williams Bay,G. Van Biesbroeck,EOS,19.0
1034,"September 7, 1924",Crimea-Simeis,V. Albitskij,slow,7.9
1035,"September 29, 1924",Heidelberg,K. Reinmuth,·,56.0
1036,"October 23, 1924",Hamburg-Bergedorf,W. Baade,AMO + 1 km (0.62 mi),38.0
1037,"October 29, 1924",Algiers,B. Jekhovsky,·,6.9
1038,"November 24, 1924",Heidelberg,M. F. Wolf,T j (2.99) · HIL · 3:2,58.0
1039,"November 24, 1924",Heidelberg,M. F. Wolf,·,34.0
1040,"January 20, 1925",Algiers,B. Jekhovsky,TIR,22.0
1041,"March 22, 1925",Heidelberg,K. Reinmuth,·,61.0
1042,"April 22, 1925",Heidelberg,K. Reinmuth,slow,64.0
1043,"April 22, 1925",Heidelberg,K. Reinmuth,·,32.0
1044,"May 10, 1924",Heidelberg,K. Reinmuth,·,18.0
1045,"November 19, 1924",Williams Bay,G. Van Biesbroeck,·,6.1
1046,"December 1, 1924",Williams Bay,G. Van Biesbroeck,·,29.0
1047,"November 17, 1924",Heidelberg,K. Reinmuth,·,11.0
1048,"November 29, 1924",Heidelberg,K. Reinmuth,·,62.0
1049,"September 14, 1925",Heidelberg,K. Reinmuth,·,56.0
1050,"September 14, 1925",Heidelberg,K. Reinmuth,EUN,8.8
1051,"September 16, 1925",Heidelberg,K. Reinmuth,·,60.0
1052,"November 15, 1925",Uccle,E. Delporte,moon,9.8
1053,"November 16, 1925",Heidelberg,M. F. Wolf,·,9.1
1054,"November 20, 1925",Heidelberg,K. Reinmuth,·,48.0
1055,"November 17, 1925",Algiers,"Buchar, E.",·,13.0
1056,"January 31, 1924",Heidelberg,K. Reinmuth,·,12.0
1057,"August 16, 1925",Crimea-Simeis,G. Shajn,·,45.0
1058,"June 22, 1925",Crimea-Simeis,G. Shajn,(254),11.0
1059,"July 19, 1925",Crimea-Simeis,V. Albitskij,·,25.0
1060,"August 13, 1925",Heidelberg,K. Reinmuth,·,6.8
1061,"October 10, 1925",Heidelberg,K. Reinmuth,·,23.0
1062,"October 11, 1925",Crimea-Simeis,S. Belyavsky,·,58.0
1063,"December 6, 1925",Heidelberg,K. Reinmuth,·,11.0
1064,"August 2, 1926",Heidelberg,K. Reinmuth,·,20.0
1065,"August 4, 1926",Crimea-Simeis,S. Belyavsky,·,20.0
1066,"September 1, 1926",Heidelberg,K. Reinmuth,·,6.0
1067,"September 9, 1926",Heidelberg,K. Reinmuth,·,20.0
1068,"September 13, 1926",Uccle,E. Delporte,·,21.0
1069,"January 28, 1927",Heidelberg,M. F. Wolf,·,36.0
1070,"September 1, 1926",Heidelberg,K. Reinmuth,URS,39.0
1071,"March 3, 1924",Crimea-Simeis,V. Albitskij,·,61.0
1072,"October 4, 1926",Heidelberg,K. Reinmuth,·,54.0
1073,"September 14, 1923",Vienna,J. Palisa,THM,26.0
1074,"January 26, 1925",Crimea-Simeis,S. Belyavsky,THM,49.0
1075,"September 29, 1926",Crimea-Simeis,G. N. Neujmin,EOS,26.0
1076,"October 5, 1926",Heidelberg,K. Reinmuth,·,22.0
1077,"October 6, 1926",Heidelberg,K. Reinmuth,·,9.7
1078,"December 7, 1926",Heidelberg,K. Reinmuth,·,13.0
1079,"January 14, 1927",Williams Bay,G. Van Biesbroeck,KOR,21.0
1080,"August 30, 1927",Heidelberg,K. Reinmuth,·,23.0
1081,"August 31, 1927",Heidelberg,K. Reinmuth,·,38.0
1082,"October 28, 1927",Heidelberg,K. Reinmuth,THM,43.0
1083,"January 26, 1928",Heidelberg,K. Reinmuth,·,8.9
1084,"February 12, 1926",Crimea-Simeis,S. Belyavsky,·,26.0
1085,"August 31, 1927",Heidelberg,K. Reinmuth,·,69.0
1086,"August 25, 1927",Crimea-Simeis,"S. Belyavsky , Ivanov, N.",VER,66.0
1087,"September 2, 1927",Heidelberg,K. Reinmuth,EOS,37.0
1088,"November 17, 1927",Tokyo,O. Oikawa,·,15.0
1089,"November 17, 1927",Tokyo,O. Oikawa,moon,13.0
1090,"February 20, 1928",Tokyo,O. Oikawa,PHO,13.0
1091,"February 26, 1928",Heidelberg,K. Reinmuth,CYB,35.0
1092,"January 12, 1924",Heidelberg,K. Reinmuth,·,40.0
1093,"June 15, 1925",Algiers,B. Jekhovsky,·,117.0
1094,"February 12, 1926",Crimea-Simeis,S. Belyavsky,EUN ·,18.0
1095,"April 14, 1926",Heidelberg,K. Reinmuth,EOS,28.0
1096,"July 21, 1928",Johannesburg,H. E. Wood,·,42.0
1097,"August 11, 1928",Heidelberg,K. Reinmuth,slow,23.0
1098,"September 5, 1928",Tokyo,O. Oikawa,·,27.0
1099,"September 13, 1928",Crimea-Simeis,G. N. Neujmin,·,23.0
1100,"September 22, 1928",Heidelberg,K. Reinmuth,KOR,17.0
1101,"September 22, 1928",Heidelberg,K. Reinmuth,(1101) ·,34.0
1102,"November 5, 1928",Barcelona,J. Comas i Solà,·,37.0
1103,"November 9, 1928",Hamburg-Bergedorf,W. Baade,H,6.7
1104,"December 9, 1928",Heidelberg,K. Reinmuth,·,23.0
1105,"January 1, 1929",Heidelberg,K. Reinmuth,EOS,38.0
1106,"February 5, 1929",Heidelberg,K. Reinmuth,EUN,12.0
1107,"March 30, 1929",Pino Torinese,L. Volta,HYG,79.0
1108,"May 31, 1929",Heidelberg,K. Reinmuth,·,25.0
1109,"February 5, 1929",Heidelberg,K. Reinmuth,HYG,62.0
1110,"August 10, 1928",Crimea-Simeis,G. N. Neujmin,·,12.0
1111,"February 11, 1927",Heidelberg,K. Reinmuth,·,30.0
1112,"August 15, 1928",Crimea-Simeis,P. F. Shajn,EOS,40.0
1113,"August 15, 1928",Crimea-Simeis,P. F. Shajn,·,45.0
1114,"November 17, 1928",Nice,A. Schaumasse,EOS,76.0
1115,"December 13, 1928",Pino Torinese,L. Volta,·,76.0
1116,"April 5, 1929",Johannesburg,C. Jackson,·,39.0
1117,"May 24, 1927",Barcelona,J. Comas i Solà,·,10.0
1118,"August 29, 1927",Crimea-Simeis,"S. Belyavsky , Ivanov, N.",(1118),71.0
1119,"October 27, 1927",Heidelberg,K. Reinmuth,·,29.0
1120,"September 11, 1928",Crimea-Simeis,P. F. Shajn,·,10.0
1121,"September 11, 1928",Crimea-Simeis,P. F. Shajn,(5),13.0
1122,"September 17, 1928",Uccle,E. Delporte,·,12.0
1123,"September 21, 1928",Crimea-Simeis,G. N. Neujmin,·,11.0
1124,"October 6, 1928",Uccle,E. Delporte,·,24.0
1125,"October 30, 1957",Nanking,Purple Mountain,·,26.0
1126,"January 11, 1929",Heidelberg,K. Reinmuth,·,11.0
1127,"January 13, 1929",Uccle,S. J. Arend,·,46.0
1128,"March 10, 1929",Uccle,E. Delporte,AST,42.0
1129,"August 8, 1929",Crimea-Simeis,"Parchomenko, P.",EOS,35.0
1130,"September 2, 1929",Heidelberg,K. Reinmuth,·,10.0
1131,"September 10, 1929",Heidelberg,K. Reinmuth,·,7.5
1132,"September 13, 1929",Johannesburg,H. van Gent,·,27.0
1133,"September 13, 1929",Johannesburg,H. van Gent,·,8.3
1134,"September 25, 1929",Heidelberg,M. F. Wolf,·,6.0
1135,"October 3, 1929",Crimea-Simeis,G. N. Neujmin,·,51.0
1136,"October 30, 1929",Barcelona,J. Comas i Solà,·,25.0
1137,"October 27, 1929",Crimea-Simeis,G. N. Neujmin,slow,19.0
1138,"November 22, 1929",Heidelberg,K. Reinmuth,·,24.0
1139,"December 1, 1929",Tokyo,"O. Oikawa , K. Kubokawa",moon,7.9
1140,"December 30, 1929",Crimea-Simeis,G. N. Neujmin,·,29.0
1141,"January 4, 1930",Heidelberg,M. F. Wolf,·,5.6
1142,"January 24, 1930",Heidelberg,K. Reinmuth,·,22.0
1143,"January 28, 1930",Heidelberg,K. Reinmuth,L4,115.0
1144,"January 28, 1930",Heidelberg,K. Reinmuth,3:2 · slow,56.0
1145,"February 3, 1929",Uccle,E. Delporte,V,24.0
1146,"May 7, 1929",Crimea-Simeis,G. N. Neujmin,·,33.0
1147,"June 11, 1929",Crimea-Simeis,G. N. Neujmin,·,13.0
1148,"July 5, 1929",Crimea-Simeis,A. Deutsch,EOS,28.0
1149,"August 1, 1929",Crimea-Simeis,"Skvortsov, E.",·,52.0
1150,"September 2, 1929",Heidelberg,K. Reinmuth,·,7.7
1151,"September 8, 1929",Heidelberg,K. Reinmuth,·,12.0
1152,"January 8, 1930",Heidelberg,K. Reinmuth,·,17.0
1153,"September 5, 1924",Crimea-Simeis,S. Belyavsky,·,8.0
1154,"February 8, 1927",Heidelberg,K. Reinmuth,CYB,56.0
1155,"January 26, 1928",Heidelberg,K. Reinmuth,·,9.3
1156,"February 22, 1928",Heidelberg,K. Reinmuth,·,6.8
1157,"August 31, 1929",Heidelberg,K. Reinmuth,·,29.0
1158,"August 31, 1929",Crimea-Simeis,G. N. Neujmin,MAR,19.0
1159,"September 2, 1929",Heidelberg,K. Reinmuth,PHO,29.0
1160,"September 9, 1929",Heidelberg,K. Reinmuth,MAR,14.0
1161,"September 29, 1929",Heidelberg,K. Reinmuth,·,21.0
1162,"January 5, 1930",Heidelberg,K. Reinmuth,3:2,40.0
1163,"January 20, 1930",Heidelberg,K. Reinmuth,·,32.0
1164,"March 19, 1930",Heidelberg,K. Reinmuth,PHO,7.7
1165,"April 24, 1930",Johannesburg,H. van Gent,·,53.0
1166,"June 27, 1930",Crimea-Simeis,"Parchomenko, P.",·,26.0
1167,"August 3, 1930",Crimea-Simeis,"Skvortsov, E.",CYB,63.0
1168,"August 25, 1930",Uccle,E. Delporte,EUN,10.0
1169,"August 30, 1930",Heidelberg,"M. F. Wolf , Ferrero, M.",·,8.1
1170,"September 29, 1930",Uccle,E. Delporte,·,10.0
1171,"October 3, 1930",Uccle,S. J. Arend,·,82.0
1172,"October 17, 1930",Heidelberg,K. Reinmuth,L5,118.0
1173,"October 17, 1930",Heidelberg,K. Reinmuth,L5,100.0
1174,"October 17, 1930",Heidelberg,K. Reinmuth,EOS,18.0
1175,"October 17, 1930",Heidelberg,K. Reinmuth,·,24.0
1176,"November 15, 1930",Uccle,E. Delporte,·,17.0
1177,"November 24, 1930",Algiers,L. Boyer,CYB,92.0
1178,"March 13, 1931",Heidelberg,M. F. Wolf,·,20.0
1179,"March 19, 1931",Heidelberg,M. F. Wolf,·,13.0
1180,"April 9, 1931",Heidelberg,K. Reinmuth,3:2,97.0
1181,"February 11, 1927",Algiers,B. Jekhovsky,·,20.0
1182,"March 3, 1927",Heidelberg,K. Reinmuth,·,14.0
1183,"February 22, 1930",Heidelberg,K. Reinmuth,NYS · slow ·,24.0
1184,"September 5, 1926",Heidelberg,K. Reinmuth,·,12.0
1185,"November 17, 1927",Tokyo,O. Oikawa,·,8.3
1186,"August 1, 1929",Johannesburg,C. Jackson,EOS,34.0
1187,"December 6, 1929",Heidelberg,K. Reinmuth,·,32.0
1188,"September 30, 1930",Barcelona,J. Comas i Solà,·,13.0
1189,"September 17, 1930",Crimea-Simeis,G. N. Neujmin,TRE,59.0
1190,"September 20, 1930",Crimea-Simeis,G. N. Neujmin,·,18.0
1191,"February 11, 1931",Pino Torinese,L. Volta,slow,47.0
1192,"March 17, 1931",Hamburg-Bergedorf,A. Schwassmann,·,7.4
1193,"April 24, 1931",Johannesburg,C. Jackson,EUN · slow,12.0
1194,"May 13, 1931",Johannesburg,C. Jackson,·,41.0
1195,"May 24, 1931",Johannesburg,C. Jackson,·,6.3
1196,"May 21, 1931",Johannesburg,C. Jackson,·,25.0
1197,"June 9, 1931",Johannesburg,C. Jackson,·,48.0
1198,"September 7, 1931",Heidelberg,K. Reinmuth,·,3.9
1199,"September 14, 1931",Uccle,E. Delporte,EOS,30.0
1200,"September 14, 1931",Heidelberg,K. Reinmuth,·,42.0
1201,"September 14, 1931",Heidelberg,K. Reinmuth,·,36.0
1202,"September 13, 1931",Crimea-Simeis,G. N. Neujmin,3:2,55.0
1203,"October 5, 1931",Heidelberg,M. F. Wolf,·,35.0
1204,"October 6, 1931",Heidelberg,K. Reinmuth,·,10.0
1205,"October 6, 1931",Heidelberg,K. Reinmuth,·,5.5
1206,"October 18, 1931",Heidelberg,K. Reinmuth,·,15.0
1207,"November 15, 1931",Heidelberg,K. Reinmuth,EOS,22.0
1208,"December 31, 1931",Heidelberg,K. Reinmuth,L5,100.0
1209,"April 22, 1927",Heidelberg,K. Reinmuth,HYG ·,27.0
1210,"June 6, 1931",Crimea-Simeis,G. N. Neujmin,EOS,34.0
1211,"December 2, 1931",Algiers,L. Boyer,·,46.0
1212,"December 3, 1931",Algiers,L. Boyer,HIL · 3:2,76.0
1213,"December 5, 1931",Algiers,G. Reiss,·,29.0
1214,"January 1, 1932",Heidelberg,M. F. Wolf,·,37.0
1215,"January 19, 1932",Algiers,A. Schmitt,MAR,13.0
1216,"January 29, 1932",Heidelberg,K. Reinmuth,·,11.0
1217,"March 13, 1932",Uccle,E. Delporte,·,10.0
1218,"January 29, 1932",Heidelberg,K. Reinmuth,·,5.6
1219,"February 6, 1932",Heidelberg,M. F. Wolf,·,9.9
1220,"February 11, 1932",Heidelberg,K. Reinmuth,EOS · slow,18.0
1221,"March 12, 1932",Uccle,E. Delporte,AMO + 1 km (0.62 mi),1.0
1222,"June 11, 1932",Uccle,E. Delporte,TIN,26.0
1223,"October 6, 1931",Heidelberg,K. Reinmuth,KOR,23.0
1224,"August 29, 1927",Crimea-Simeis,"S. Belyavsky , Ivanov, N.",·,14.0
1225,"April 23, 1930",Johannesburg,H. van Gent,·,9.2
1226,"April 22, 1930",Johannesburg,H. van Gent,·,12.0
1227,"October 5, 1931",Heidelberg,K. Reinmuth,·,46.0
1228,"October 5, 1931",Heidelberg,K. Reinmuth,AGN,15.0
1229,"October 9, 1931",Heidelberg,K. Reinmuth,THM,28.0
1230,"October 9, 1931",Heidelberg,K. Reinmuth,·,6.2
1231,"October 10, 1931",Heidelberg,K. Reinmuth,·,19.0
1232,"October 10, 1931",Heidelberg,K. Reinmuth,·,36.0
1233,"October 10, 1931",Heidelberg,K. Reinmuth,·,33.0
1234,"October 18, 1931",Heidelberg,K. Reinmuth,EOS ·,23.0
1235,"October 18, 1931",Heidelberg,K. Reinmuth,H · slow,5.0
1236,"November 6, 1931",Crimea-Simeis,G. N. Neujmin,PHO,22.0
1237,"December 2, 1931",Algiers,G. Reiss,·,40.0
1238,"February 4, 1932",Pino Torinese,L. Volta,ADE,21.0
1239,"February 4, 1932",Uccle,E. Delporte,·,19.0
1240,"February 5, 1932",Hamburg-Bergedorf,R. Schorr,·,63.0
1241,"March 4, 1932",Johannesburg,H. E. Wood,·,79.0
1242,"April 28, 1932",Johannesburg,C. Jackson,·,48.0
1243,"May 7, 1932",Johannesburg,C. Jackson,·,70.0
1244,"May 25, 1932",Johannesburg,C. Jackson,slow,32.0
1245,"May 26, 1932",Johannesburg,C. Jackson,KOR,30.0
1246,"July 23, 1932",Johannesburg,C. Jackson,·,18.0
1247,"August 30, 1932",Uccle,M. Laugier,THM,39.0
1248,"September 1, 1932",Johannesburg,C. Jackson,·,28.0
1249,"November 4, 1932",Heidelberg,K. Reinmuth,·,13.0
1250,"January 25, 1933",Heidelberg,K. Reinmuth,·,20.0
1251,"January 25, 1933",Heidelberg,K. Reinmuth,·,13.0
1252,"February 19, 1933",Oak Ridge Observatory,F. L. Whipple,·,19.0
1253,"October 9, 1931",Heidelberg,K. Reinmuth,THM,22.0
1254,"May 10, 1932",La Plata Observatory,J. Hartmann,·,52.0
1255,"July 8, 1932",Crimea-Simeis,G. N. Neujmin,·,34.0
1256,"August 8, 1932",Heidelberg,K. Reinmuth,3:2,68.0
1257,"August 8, 1932",Heidelberg,K. Reinmuth,·,21.0
1258,"August 8, 1932",Heidelberg,K. Reinmuth,·,46.0
1259,"January 29, 1933",Heidelberg,K. Reinmuth,THM,36.0
1260,"January 29, 1933",Heidelberg,K. Reinmuth,·,13.0
1261,"March 23, 1933",Uccle,E. Delporte,·,33.0
1262,"March 23, 1933",Uccle,S. J. Arend,·,71.0
1263,"March 23, 1933",Uccle,S. J. Arend,·,49.0
1264,"April 21, 1933",Johannesburg,C. Jackson,·,66.0
1265,"October 18, 1911",Heidelberg,F. Kaiser,EOS,19.0
1266,"January 23, 1927",Tokyo,O. Oikawa,CYB,75.0
1267,"April 23, 1930",Johannesburg,H. van Gent,·,23.0
1268,"April 29, 1930",Johannesburg,C. Jackson,3:2,97.0
1269,"September 20, 1930",Crimea-Simeis,G. N. Neujmin,3:2,105.0
1270,"December 17, 1930",Williams Bay,G. Van Biesbroeck,·,8.2
1271,"October 10, 1931",Crimea-Simeis,G. N. Neujmin,·,48.0
1272,"October 10, 1931",Heidelberg,K. Reinmuth,GEF,7.0
1273,"August 8, 1932",Heidelberg,K. Reinmuth,V,6.3
1274,"November 28, 1932",Uccle,E. Delporte,·,9.6
1275,"November 30, 1932",Heidelberg,K. Reinmuth,EUN ·,28.0
1276,"January 24, 1933",Uccle,E. Delporte,·,36.0
1277,"April 18, 1933",Crimea-Simeis,G. N. Neujmin,·,33.0
1278,"June 15, 1933",Johannesburg,C. Jackson,slow,19.0
1279,"June 15, 1933",Johannesburg,C. Jackson,·,6.8
1280,"August 18, 1933",Uccle,E. Delporte,CYB,51.0
1281,"August 25, 1933",Uccle,S. J. Arend,·,26.0
1282,"August 17, 1933",Johannesburg,C. Jackson,·,58.0
1283,"September 25, 1925",Crimea-Simeis,V. Albitskij,·,30.0
1284,"July 27, 1933",Heidelberg,K. Reinmuth,·,41.0
1285,"August 21, 1933",Uccle,E. Delporte,·,42.0
1286,"August 25, 1933",Uccle,S. J. Arend,EOS,21.0
1287,"August 25, 1933",Uccle,S. J. Arend,EOS,22.0
1288,"August 26, 1933",Uccle,E. Delporte,·,31.0
1289,"August 19, 1933",Crimea-Simeis,G. N. Neujmin,KOR,22.0
1290,"August 21, 1933",Uccle,E. Delporte,·,9.7
1291,"September 15, 1933",Uccle,E. Delporte,EOS,27.0
1292,"September 17, 1933",Uccle,F. Rigaux,·,14.0
1293,"September 26, 1933",Uccle,E. Delporte,·,7.8
1294,"October 24, 1933",Uccle,E. Delporte,·,37.0
1295,"November 25, 1933",Algiers,L. Boyer,CYB,47.0
1296,"November 25, 1933",Algiers,L. Boyer,·,26.0
1297,"January 7, 1934",Heidelberg,K. Reinmuth,EOS,22.0
1298,"January 7, 1934",Heidelberg,K. Reinmuth,(1298),38.0
1299,"January 18, 1934",Algiers,G. Reiss,·,14.0
1300,"February 10, 1934",Algiers,G. Reiss,slow,28.0
1301,"March 7, 1934",Algiers,L. Boyer,·,21.0
1302,"September 28, 1924",Heidelberg,K. Reinmuth,THM,35.0
1303,"March 16, 1928",Hamburg-Bergedorf,A. Schwassmann,LUT,82.0
1304,"May 21, 1928",Heidelberg,K. Reinmuth,·,44.0
1305,"July 19, 1928",Johannesburg,H. E. Wood,·,24.0
1306,"July 22, 1930",Crimea-Simeis,G. N. Neujmin,URS ·,67.0
1307,"October 17, 1930",Crimea-Simeis,G. N. Neujmin,·,9.4
1308,"March 12, 1931",Heidelberg,K. Reinmuth,·,47.0
1309,"October 11, 1931",Crimea-Simeis,G. N. Neujmin,·,58.0
1310,"February 28, 1932",Hamburg-Bergedorf,A. Schwassmann,·,20.0
1311,"March 24, 1933",Heidelberg,K. Reinmuth,·,9.9
1312,"July 27, 1933",Williams Bay,G. Van Biesbroeck,·,36.0
1313,"August 24, 1933",Uccle,S. J. Arend,moon,14.0
1314,"September 16, 1933",Uccle,S. J. Arend,·,8.2
1315,"September 16, 1933",Uccle,S. J. Arend,·,65.0
1316,"November 17, 1933",Crimea-Simeis,G. N. Neujmin,·,10.0
1317,"September 1, 1935",Heidelberg,K. Reinmuth,·,18.0
1318,"March 24, 1934",Johannesburg,C. Jackson,PHO,13.0
1319,"March 19, 1934",Johannesburg,C. Jackson,·,26.0
1320,"May 13, 1934",Johannesburg,C. Jackson,·,37.0
1321,"May 7, 1934",Johannesburg,C. Jackson,·,37.0
1322,"June 15, 1934",Heidelberg,K. Reinmuth,PHO,10.0
1323,"May 19, 1934",Johannesburg,C. Jackson,·,78.0
1324,"June 15, 1934",Johannesburg,C. Jackson,·,6.5
1325,"July 14, 1934",Johannesburg,C. Jackson,·,11.0
1326,"July 14, 1934",Johannesburg,C. Jackson,·,26.0
1327,"September 7, 1934",Johannesburg,C. Jackson,MRX ·,22.0
1328,"October 21, 1925",Algiers,B. Jekhovsky,CYB,54.0
1329,"March 23, 1933",Uccle,E. Delporte,EUN · slow,19.0
1330,"February 17, 1925",Crimea-Simeis,V. Albitskij,·,68.0
1331,"August 25, 1933",Crimea-Simeis,G. N. Neujmin,·,37.0
1332,"January 9, 1934",Pino Torinese,L. Volta,·,47.0
1333,"February 20, 1934",Algiers,O. Bancilhon,EUN,15.0
1334,"July 16, 1934",Heidelberg,K. Reinmuth,·,28.0
1335,"September 7, 1934",Heidelberg,K. Reinmuth,·,7.5
1336,"September 9, 1934",Johannesburg,H. van Gent,KOR,21.0
1337,"September 9, 1934",Johannesburg,H. van Gent,·,41.0
1338,"December 4, 1934",Algiers,L. Boyer,(1338) ( FLO ) · moon,7.5
1339,"December 4, 1934",Algiers,L. Boyer,EOS,24.0
1340,"December 27, 1934",Algiers,L. Boyer,THM,29.0
1341,"January 27, 1935",Uccle,E. Delporte,·,24.0
1342,"February 13, 1935",Johannesburg,H. van Gent,PHO,12.0
1343,"March 29, 1935",Algiers,L. Boyer,·,24.0
1344,"April 1, 1935",Algiers,L. Boyer,·,5.8
1345,"February 4, 1908",Taunton,J. H. Metcalf,T j (2.99) · 3:2,73.0
1346,"February 5, 1929",Heidelberg,K. Reinmuth,EUN,14.0
1347,"November 6, 1931",Crimea-Simeis,G. N. Neujmin,·,32.0
1348,"March 23, 1933",Uccle,S. J. Arend,·,16.0
1349,"June 13, 1934",Johannesburg,C. Jackson,·,24.0
1350,"October 3, 1934",Uccle,E. Delporte,KOR,21.0
1351,"October 5, 1934",Crimea-Simeis,G. N. Neujmin,·,60.0
1352,"February 3, 1935",Uccle,S. J. Arend,·,20.0
1353,"February 13, 1935",Johannesburg,H. van Gent,EOS ·,39.0
1354,"April 3, 1935",Johannesburg,C. Jackson,·,42.0
1355,"April 30, 1935",Johannesburg,C. Jackson,H,4.3
1356,"May 3, 1935",Johannesburg,C. Jackson,·,61.0
1357,"July 2, 1935",Johannesburg,C. Jackson,·,38.0
1358,"July 21, 1935",Johannesburg,C. Jackson,·,22.0
1359,"July 22, 1935",Johannesburg,C. Jackson,·,46.0
1360,"July 22, 1935",Johannesburg,C. Jackson,·,33.0
1361,"August 30, 1935",Uccle,E. Delporte,·,30.0
1362,"July 31, 1935",Johannesburg,C. Jackson,T j (2.95) · 2:1J,27.0
1363,"August 30, 1935",Uccle,E. Delporte,KOR,14.0
1364,"November 18, 1935",Algiers,L. Boyer,EOS,21.0
1365,"September 9, 1928",Heidelberg,M. F. Wolf,(883),11.0
1366,"November 29, 1932",Uccle,E. Delporte,·,28.0
1367,"July 3, 1934",Johannesburg,C. Jackson,PHO,9.4
1368,"April 30, 1935",Johannesburg,C. Jackson,MAR,20.0
1369,"August 27, 1935",Crimea-Simeis,P. F. Shajn,·,42.0
1370,"August 31, 1935",Heidelberg,K. Reinmuth,fast,5.5
1371,"August 31, 1935",Heidelberg,K. Reinmuth,·,27.0
1372,"August 31, 1935",Heidelberg,K. Reinmuth,WAT ·,26.0
1373,"August 30, 1935",Mount Wilson,E. Hubble,T j (2.72) · CYB,19.0
1374,"October 21, 1935",Uccle,E. Delporte,·,6.5
1375,"October 22, 1935",Uccle,E. Delporte,·,14.0
1376,"October 29, 1935",Algiers,G. Reiss,·,7.1
1377,"February 14, 1936",Algiers,L. Boyer,·,6.2
1378,"February 21, 1936",Uccle,F. Rigaux,·,21.0
1379,"March 19, 1936",Crimea-Simeis,G. N. Neujmin,·,19.0
1380,"March 16, 1936",Algiers,L. Boyer,·,21.0
1381,"August 20, 1930",Crimea-Simeis,"Skvortsov, E.",·,20.0
1382,"January 21, 1925",Heidelberg,K. Reinmuth,·,12.0
1383,"September 9, 1934",Johannesburg,H. van Gent,THM,23.0
1384,"September 9, 1934",Johannesburg,H. van Gent,ADE,27.0
1385,"May 24, 1935",Johannesburg,H. van Gent,·,20.0
1386,"July 28, 1935",Crimea-Simeis,G. N. Neujmin,·,11.0
1387,"August 27, 1935",Crimea-Simeis,P. F. Shajn,·,7.5
1388,"September 24, 1935",Uccle,E. Delporte,EOS,21.0
1389,"September 28, 1935",Johannesburg,H. van Gent,KOR,14.0
1390,"October 3, 1935",Crimea-Simeis,P. F. Shajn,CYB,96.0
1391,"February 16, 1936",Turku,Y. Väisälä,·,11.0
1392,"March 16, 1936",Algiers,L. Boyer,·,26.0
1393,"May 25, 1936",Johannesburg,C. Jackson,slow,11.0
1394,"June 12, 1936",Johannesburg,C. Jackson,·,20.0
1395,"July 16, 1936",Heidelberg,K. Reinmuth,·,20.0
1396,"August 9, 1936",Johannesburg,C. Jackson,·,12.0
1397,"August 9, 1936",Johannesburg,C. Jackson,·,21.0
1398,"August 26, 1936",Turku,Y. Väisälä,·,25.0
1399,"August 23, 1936",Heidelberg,K. Reinmuth,·,4.9
1400,"November 17, 1936",Algiers,L. Boyer,TIR ·,16.0
1401,"October 22, 1935",Uccle,E. Delporte,·,9.3
1402,"July 16, 1936",Heidelberg,K. Reinmuth,·,14.0
1403,"August 13, 1936",Crimea-Simeis,G. N. Neujmin,CLO ·,27.0
1404,"August 17, 1936",Heidelberg,K. Reinmuth,L4,84.0
1405,"September 12, 1936",Turku,Y. Väisälä,·,6.8
1406,"September 13, 1936",Turku,Y. Väisälä,·,24.0
1407,"November 21, 1936",Turku,Y. Väisälä,·,20.0
1408,"November 23, 1936",Heidelberg,K. Reinmuth,EOS,35.0
1409,"January 8, 1937",Heidelberg,K. Reinmuth,·,36.0
1410,"January 8, 1937",Heidelberg,K. Reinmuth,EOS,21.0
1411,"January 8, 1937",Heidelberg,K. Reinmuth,·,28.0
1412,"January 19, 1937",Algiers,L. Boyer,·,7.8
1413,"February 12, 1937",Algiers,L. Boyer,EOS,20.0
1414,"February 12, 1937",Algiers,L. Boyer,DOR,15.0
1415,"March 4, 1937",Algiers,L. Boyer,slow,7.4
1416,"March 4, 1937",Algiers,L. Boyer,EOS,28.0
1417,"April 1, 1937",Heidelberg,K. Reinmuth,·,17.0
1418,"September 22, 1903",Heidelberg,P. Götz,·,12.0
1419,"September 5, 1929",Heidelberg,K. Reinmuth,·,15.0
1420,"September 14, 1931",Heidelberg,K. Reinmuth,·,21.0
1421,"March 18, 1936",Turku,Y. Väisälä,·,43.0
1422,"August 23, 1936",Heidelberg,K. Reinmuth,·,5.8
1423,"August 28, 1936",Uccle,"Hunaerts, J.",KOR,20.0
1424,"January 9, 1937",Turku,Y. Väisälä,·,65.0
1425,"April 3, 1937",Turku,K. Inkeri,EUN,12.0
1426,"April 1, 1937",Nice,M. Laugier,·,18.0
1427,"May 16, 1937",Johannesburg,C. Jackson,·,35.0
1428,"July 5, 1937",Johannesburg,C. Jackson,·,52.0
1429,"July 2, 1937",Johannesburg,C. Jackson,(887),9.9
1430,"July 5, 1937",Johannesburg,C. Jackson,(5),9.4
1431,"July 29, 1937",Johannesburg,C. Jackson,EUN,14.0
1432,"August 1, 1937",Johannesburg,C. Jackson,·,7.1
1433,"October 30, 1937",Uccle,E. Delporte,GEF · slow,13.0
1434,"March 19, 1936",Crimea-Simeis,G. N. Neujmin,EOS,27.0
1435,"November 23, 1936",Heidelberg,K. Reinmuth,·,15.0
1436,"December 11, 1936",Konkoly,G. Kulin,·,54.0
1437,"August 3, 1937",Heidelberg,K. Reinmuth,L4,118.0
1438,"October 11, 1937",Heidelberg,K. Reinmuth,·,38.0
1439,"October 11, 1937",Heidelberg,K. Reinmuth,3:2,51.0
1440,"October 11, 1937",Heidelberg,K. Reinmuth,THM,15.0
1441,"November 26, 1937",Konkoly,G. Kulin,slow,15.0
1442,"December 29, 1937",Konkoly,G. Kulin,KOR,17.0
1443,"December 29, 1937",Heidelberg,K. Reinmuth,KOR,16.0
1444,"January 6, 1938",Konkoly,G. Kulin,·,26.0
1445,"January 6, 1938",Konkoly,G. Kulin,THM,20.0
1446,"January 26, 1938",Turku,Y. Väisälä,·,8.2
1447,"January 26, 1938",Turku,Y. Väisälä,slow,12.0
1448,"February 16, 1938",Turku,Y. Väisälä,·,21.0
1449,"February 20, 1938",Turku,Y. Väisälä,·,9.3
1450,"February 20, 1938",Turku,Y. Väisälä,·,18.0
1451,"February 22, 1938",Turku,Y. Väisälä,slow,6.2
1452,"February 26, 1938",Konkoly,G. Kulin,·,21.0
1453,"March 8, 1938",Turku,Y. Väisälä,H · moon,6.6
1454,"February 16, 1936",Turku,Y. Väisälä,·,5.1
1455,"June 5, 1937",Heidelberg,A. Bohrmann,slow,6.6
1456,"July 2, 1937",Johannesburg,C. Jackson,·,38.0
1457,"August 3, 1937",Heidelberg,K. Reinmuth,·,18.0
1458,"September 1, 1937",Uccle,F. Rigaux,EUN · slow ·,17.0
1459,"November 4, 1937",Crimea-Simeis,G. N. Neujmin,·,29.0
1460,"November 24, 1937",Turku,Y. Väisälä,·,8.4
1461,"December 30, 1937",Nice,M. Laugier,·,35.0
1462,"February 6, 1938",Turku,Y. Väisälä,THM ·,27.0
1463,"February 6, 1938",Turku,Y. Väisälä,·,37.0
1464,"November 11, 1939",Williams Bay,G. Van Biesbroeck,EOS,23.0
1465,"March 20, 1938",Hamburg-Bergedorf,A. Wachmann,·,18.0
1466,"May 31, 1938",Heidelberg,K. Reinmuth,PHO,22.0
1467,"July 30, 1938",Johannesburg,C. Jackson,CYB,89.0
1468,"July 23, 1938",Johannesburg,C. Jackson,·,8.3
1469,"August 19, 1938",Heidelberg,K. Reinmuth,·,75.0
1470,"September 17, 1938",Heidelberg,A. Bohrmann,·,37.0
1471,"September 16, 1938",Turku,Y. Väisälä,·,29.0
1472,"October 18, 1938",Turku,Y. Väisälä,·,8.4
1473,"October 22, 1938",Turku,Y. Väisälä,slow,18.0
1474,"August 20, 1935",Johannesburg,C. Jackson,·,20.0
1475,"September 21, 1935",Crimea-Simeis,P. F. Shajn,·,10.0
1476,"September 10, 1936",Uccle,E. Delporte,·,7.4
1477,"February 6, 1938",Turku,Y. Väisälä,·,26.0
1478,"February 6, 1938",Turku,Y. Väisälä,·,9.5
1479,"February 16, 1938",Turku,Y. Väisälä,slow,15.0
1480,"February 18, 1938",Turku,Y. Väisälä,moon,6.4
1481,"February 7, 1938",Heidelberg,K. Reinmuth,slow,34.0
1482,"February 20, 1938",Heidelberg,K. Reinmuth,KOR,17.0
1483,"February 24, 1938",Turku,Y. Väisälä,slow,11.0
1484,"April 29, 1938",Crimea-Simeis,G. N. Neujmin,·,41.0
1485,"July 28, 1938",Heidelberg,K. Reinmuth,EOS,17.0
1486,"August 23, 1938",Uccle,E. Delporte,·,6.4
1487,"November 17, 1938",Heidelberg,K. Reinmuth,THM ·,26.0
1488,"December 15, 1938",Turku,Y. Väisälä,·,25.0
1489,"April 12, 1939",Konkoly,G. Kulin,·,27.0
1490,"June 14, 1936",Johannesburg,C. Jackson,·,15.0
1491,"February 23, 1938",Uccle,E. Delporte,·,22.0
1492,"March 23, 1938",Turku,Y. Väisälä,·,12.0
1493,"August 26, 1938",Uccle,E. Delporte,·,29.0
1494,"September 16, 1938",Turku,Y. Väisälä,·,7.8
1495,"September 21, 1938",Turku,Y. Väisälä,EUN,12.0
1496,"September 22, 1938",Turku,Y. Väisälä,·,7.8
1497,"September 22, 1938",Turku,Y. Väisälä,KOR,16.0
1498,"September 16, 1938",Turku,Y. Väisälä,·,32.0
1499,"October 16, 1938",Turku,Y. Väisälä,EUN,15.0
1500,"October 16, 1938",Turku,Y. Väisälä,·,8.1
1501,"October 20, 1938",Hamburg-Bergedorf,A. Wachmann,·,11.0
1502,"November 17, 1938",Heidelberg,K. Reinmuth,·,36.0
1503,"December 15, 1938",Turku,Y. Väisälä,EUN,23.0
1504,"March 23, 1939",Turku,L. Oterma,·,11.0
1505,"April 21, 1939",Johannesburg,C. Jackson,·,22.0
1506,"May 15, 1939",Johannesburg,C. Jackson,slow,14.0
1507,"September 12, 1939",Turku,L. Oterma,·,4.6
1508,"October 21, 1938",Turku,H. Alikoski,·,20.0
1509,"December 21, 1938",Nice,A. Patry,H · moon,8.2
1510,"February 22, 1939",Nice,A. Patry,·,25.0
1511,"March 22, 1939",Algiers,L. Boyer,·,14.0
1512,"March 18, 1939",Turku,H. Alikoski,3:2 · slow,80.0
1513,"March 10, 1940",Konkoly,G. Kulin,slow,6.6
1514,"August 22, 1906",Heidelberg,M. F. Wolf,·,7.8
1515,"November 15, 1936",Nice,A. Patry,·,6.5
1516,"January 28, 1938",Nice,A. Patry,·,26.0
1517,"March 20, 1938",Belgrade,M. B. Protić,·,40.0
1518,"October 15, 1938",Turku,Y. Väisälä,·,8.5
1519,"October 15, 1938",Turku,Y. Väisälä,·,31.0
1520,"October 22, 1938",Turku,Y. Väisälä,·,53.0
1521,"October 22, 1938",Turku,Y. Väisälä,BRA,15.0
1522,"November 18, 1938",Turku,L. Oterma,·,9.4
1523,"January 18, 1939",Turku,Y. Väisälä,·,9.1
1524,"September 18, 1939",Turku,Y. Väisälä,·,45.0
1525,"September 18, 1939",Turku,Y. Väisälä,·,12.0
1526,"October 7, 1939",Turku,Y. Väisälä,moon,5.3
1527,"October 18, 1939",Turku,Y. Väisälä,·,10.0
1528,"February 10, 1940",Heidelberg,K. Reinmuth,·,11.0
1529,"January 26, 1938",Turku,Y. Väisälä,HIL · 3:2,56.0
1530,"September 16, 1938",Turku,Y. Väisälä,·,5.0
1531,"September 17, 1938",Heidelberg,A. Bohrmann,EUN,10.0
1532,"September 16, 1938",Turku,Y. Väisälä,EOS ·,24.0
1533,"January 19, 1939",Turku,Y. Väisälä,EOS,24.0
1534,"January 20, 1939",Turku,Y. Väisälä,CLO ·,22.0
1535,"September 9, 1939",Turku,Y. Väisälä,·,24.0
1536,"September 18, 1939",Turku,Y. Väisälä,·,8.0
1537,"August 27, 1940",Konkoly,G. Strommer,slow,20.0
1538,"September 8, 1940",Konkoly,G. Kulin,·,6.1
1539,"October 29, 1940",Nice,A. Patry,THM ·,27.0
1540,"November 16, 1938",Turku,L. Oterma,·,44.0
1541,"February 12, 1939",Turku,Y. Väisälä,·,22.0
1542,"August 26, 1941",Turku,Y. Väisälä,·,42.0
1543,"September 21, 1941",Uccle,E. Delporte,·,12.0
1544,"October 15, 1941",Turku,L. Oterma,·,25.0
1545,"October 15, 1941",Turku,L. Oterma,·,19.0
1546,"September 28, 1941",Konkoly,G. Kulin,·,26.0
1547,"February 12, 1929",Uccle,"Bourgeois, P.",(1547) ·,21.0
1548,"March 26, 1935",Turku,Y. Väisälä,·,31.0
1549,"April 2, 1937",Turku,Y. Väisälä,·,10.0
1550,"November 29, 1937",Belgrade,M. B. Protić,(887),11.0
1551,"February 24, 1938",Turku,Y. Väisälä,·,10.0
1552,"February 24, 1938",Turku,Y. Väisälä,EOS,19.0
1553,"January 13, 1940",Heidelberg,K. Reinmuth,·,14.0
1554,"September 6, 1940",Belgrade,M. B. Protić,EUN ·,16.0
1555,"September 15, 1941",Uccle,F. Rigaux,·,23.0
1556,"January 14, 1942",Heidelberg,K. Reinmuth,CYB,29.0
1557,"January 14, 1942",Heidelberg,K. Reinmuth,EOS,19.0
1558,"January 20, 1942",Turku,L. Oterma,·,55.0
1559,"January 20, 1942",Turku,L. Oterma,·,11.0
1560,"December 3, 1942",Uccle,E. Delporte,·,24.0
1561,"February 15, 1941",Heidelberg,K. Reinmuth,HYG,25.0
1562,"March 9, 1943",Heidelberg,K. Reinmuth,·,9.6
1563,"March 7, 1943",Uccle,S. J. Arend,·,7.2
1564,"October 15, 1936",Belgrade,M. B. Protić,·,42.0
1565,"November 25, 1948",Uccle,S. J. Arend,·,7.9
1566,"June 27, 1949",Palomar,W. Baade,APO + 1 km (0.62 mi) · PHA,1.0
1567,"April 22, 1941",Turku,Y. Väisälä,URS,69.0
1568,"August 21, 1946",Johannesburg,E. L. Johnson,PHO,12.0
1569,"August 3, 1948",La Plata Observatory,M. Itzigsohn,·,36.0
1570,"October 9, 1948",Uccle,S. J. Arend,KOR · slow,12.0
1571,"March 20, 1950",La Plata Observatory,M. Itzigsohn,·,18.0
1572,"September 22, 1949",Poznań,"J. Dobrzycki , Kwiek, A.",·,32.0
1573,"October 27, 1949",Uccle,S. J. Arend,PHO · slow,9.1
1574,"March 22, 1949",Algiers,L. Boyer,CYB,58.0
1575,"April 20, 1950",Brooklyn,Indiana University,PHO · slow,9.5
1576,"September 30, 1948",Uccle,S. J. Arend,THM,27.0
1577,"January 19, 1949",Algiers,L. Boyer,·,5.6
1578,"January 10, 1951",Brooklyn,Indiana University,3:2,47.0
1579,"September 30, 1948",Uccle,S. J. Arend,CYB,47.0
1580,"May 22, 1950",Johannesburg,E. L. Johnson,AMO + 1 km (0.62 mi),5.8
1581,"June 15, 1950",La Plata Observatory,M. Itzigsohn,THM · slow,30.0
1582,"June 15, 1950",La Plata Observatory,M. Itzigsohn,·,37.0
1583,"September 19, 1950",Uccle,S. J. Arend,L4,109.0
1584,"February 7, 1927",Tokyo,O. Oikawa,PHO,19.0
1585,"September 7, 1947",Johannesburg,E. L. Johnson,·,55.0
1586,"February 13, 1939",Hamburg-Bergedorf,A. Wachmann,·,11.0
1587,"March 25, 1933",Heidelberg,K. Reinmuth,·,15.0
1588,"June 27, 1951",La Plata Observatory,M. Itzigsohn,EOS,18.0
1589,"September 13, 1950",La Plata Observatory,M. Itzigsohn,·,11.0
1590,"July 1, 1933",Crimea-Simeis,G. N. Neujmin,·,10.0
1591,"May 31, 1951",Uccle,S. J. Arend,PHO,14.0
1592,"June 1, 1951",Uccle,S. J. Arend,·,14.0
1593,"June 1, 1951",Uccle,S. J. Arend,·,6.1
1594,"November 23, 1949",Algiers,L. Boyer,slow,11.0
1595,"June 19, 1930",Johannesburg,"C. Jackson , H. E. Wood",·,27.0
1596,"March 8, 1951",La Plata Observatory,M. Itzigsohn,·,46.0
1597,"March 7, 1949",Algiers,L. Boyer,·,13.0
1598,"February 11, 1950",Algiers,L. Boyer,·,9.7
1599,"November 17, 1950",Algiers,L. Boyer,HYG,41.0
1600,"October 22, 1947",Mount Hamilton,C. A. Wirtanen,H,7.4
1601,"May 18, 1942",Algiers,L. Boyer,·,7.5
1602,"March 14, 1950",Brooklyn,Indiana University,·,8.0
1603,"November 4, 1926",Crimea-Simeis,G. N. Neujmin,·,40.0
1604,"March 24, 1931",Flagstaff,C. O. Lampland,EOS,32.0
1605,"April 13, 1936",Uccle,P. Đurković,EOS,30.0
1606,"September 14, 1950",Algiers,L. Boyer,slow,19.0
1607,"September 3, 1950",Johannesburg,E. L. Johnson,(887),13.0
1608,"September 1, 1951",La Plata Observatory,M. Itzigsohn,(254),6.7
1609,"July 10, 1951",Johannesburg,E. L. Johnson,(194),30.0
1610,"September 11, 1928",Crimea-Simeis,P. F. Shajn,·,6.1
1611,"February 17, 1950",Heidelberg,K. Reinmuth,HYG,24.0
1612,"January 23, 1950",Heidelberg,K. Reinmuth,·,19.0
1613,"September 16, 1950",Uccle,S. J. Arend,CLO ·,18.0
1614,"April 18, 1952",Uccle,A. Schmitt,·,48.0
1615,"January 28, 1950",Brooklyn,Indiana University,THM,29.0
1616,"March 15, 1950",Algiers,L. Boyer,·,24.0
1617,"March 20, 1952",Algiers,L. Boyer,·,21.0
1618,"July 5, 1948",Johannesburg,E. L. Johnson,KOR,17.0
1619,"October 11, 1953",Kwasan,"Mitani, T.",·,9.0
1620,"September 14, 1951",Palomar,"A. G. Wilson , R. Minkowski",APO + 1 km (0.62 mi) · PHA,2.6
1621,"October 1, 1926",Crimea-Simeis,S. Belyavsky,·,13.0
1622,"March 15, 1952",Uccle,A. Schmitt,·,8.4
1623,"August 9, 1948",Johannesburg,E. L. Johnson,THM,28.0
1624,"October 9, 1931",Heidelberg,K. Reinmuth,THM,26.0
1625,"September 1, 1953",Uccle,S. J. Arend,·,53.0
1626,"January 10, 1927",Barcelona,J. Comas i Solà,moon,15.0
1627,"September 25, 1929",Johannesburg,E. Hertzsprung,AMO + 1 km (0.62 mi),9.1
1628,"September 11, 1923",Heidelberg,K. Reinmuth,·,59.0
1629,"February 28, 1952",Algiers,L. Boyer,·,8.5
1630,"February 28, 1952",Algiers,L. Boyer,·,19.0
1631,"October 11, 1936",Turku,Y. Väisälä,·,8.6
1632,"February 26, 1941",Heidelberg,K. Reinmuth,·,29.0
1633,"March 3, 1929",Uccle,S. J. Arend,THM,37.0
1634,"August 19, 1935",Johannesburg,C. Jackson,·,9.0
1635,"March 7, 1924",Heidelberg,K. Reinmuth,KOR,17.0
1636,"January 23, 1950",Heidelberg,K. Reinmuth,·,8.4
1637,"August 28, 1936",Uccle,"Hunaerts, J.",·,53.0
1638,"May 3, 1935",Johannesburg,C. Jackson,·,19.0
1639,"September 12, 1951",Uccle,S. J. Arend,·,36.0
1640,"August 31, 1951",Uccle,S. J. Arend,·,6.1
1641,"July 25, 1935",Johannesburg,C. Jackson,EOS,26.0
1642,"September 4, 1951",Heidelberg,K. Reinmuth,·,16.0
1643,"September 4, 1951",Heidelberg,K. Reinmuth,·,9.5
1644,"December 16, 1935",Madrid,R. Carrasco,·,14.0
1645,"July 24, 1933",Heidelberg,K. Reinmuth,·,28.0
1646,"January 19, 1939",Turku,Y. Väisälä,·,13.0
1647,"June 23, 1957",Palomar,S. B. Nicholson,L4,43.0
1648,"September 5, 1935",Crimea-Simeis,P. F. Shajn,·,9.4
1649,"February 27, 1951",Algiers,L. Boyer,EOS,15.0
1650,"October 11, 1937",Heidelberg,K. Reinmuth,·,30.0
1651,"April 23, 1936",Nice,M. Laugier,·,9.0
1652,"August 9, 1953",Uccle,S. J. Arend,·,8.7
1653,"August 30, 1937",Crimea-Simeis,G. N. Neujmin,·,9.0
1654,"October 8, 1931",Crimea-Simeis,P. F. Shajn,EOS,25.0
1655,"November 28, 1929",Barcelona,J. Comas i Solà,·,36.0
1656,"March 11, 1942",Turku,Y. Väisälä,H,7.9
1657,"March 6, 1961",Zimmerwald,P. Wild,PHO · slow,7.7
1658,"July 13, 1953",Johannesburg,"Bruwer, J. A.",RAF,13.0
1659,"December 28, 1940",Turku,Y. Väisälä,·,28.0
1660,"April 7, 1953",Johannesburg,"Bruwer, J. A.",·,11.0
1661,"March 31, 1916",Heidelberg,M. F. Wolf,·,7.1
1662,"September 11, 1923",Heidelberg,K. Reinmuth,MRX,12.0
1663,"August 4, 1926",Johannesburg,H. E. Wood,slow,14.0
1664,"February 4, 1929",Uccle,E. Delporte,·,8.4
1665,"February 27, 1930",Heidelberg,K. Reinmuth,slow,11.0
1666,"July 22, 1930",Johannesburg,H. van Gent,·,7.7
1667,"September 16, 1930",Johannesburg,H. van Gent,·,9.0
1668,"July 24, 1933",Heidelberg,K. Reinmuth,·,25.0
1669,"September 7, 1934",Heidelberg,K. Reinmuth,THM,42.0
1670,"September 9, 1934",Johannesburg,H. van Gent,·,21.0
1671,"October 3, 1934",Crimea-Simeis,G. N. Neujmin,(5),9.4
1672,"January 29, 1935",Uccle,E. Delporte,·,26.0
1673,"October 11, 1937",Heidelberg,K. Reinmuth,·,21.0
1674,"February 7, 1938",Heidelberg,K. Reinmuth,THM,32.0
1675,"March 20, 1938",Belgrade,M. B. Protić,·,11.0
1676,"June 15, 1939",Johannesburg,C. Jackson,·,7.6
1677,"September 6, 1940",Turku,Y. Väisälä,MAR,12.0
1678,"December 28, 1940",Turku,Y. Väisälä,·,43.0
1679,"March 18, 1941",Turku,L. Oterma,·,53.0
1680,"February 12, 1942",Turku,L. Oterma,·,14.0
1681,"November 23, 1948",Nice,M. Laugier,·,16.0
1682,"August 2, 1949",Heidelberg,K. Reinmuth,·,7.3
1683,"September 19, 1950",Uccle,S. J. Arend,·,21.0
1684,"August 23, 1951",La Plata Observatory,M. Itzigsohn,THM,30.0
1685,"July 17, 1948",Mount Hamilton,C. A. Wirtanen,APO + 1 km (0.62 mi),3.4
1686,"September 28, 1935",Johannesburg,H. van Gent,THM,30.0
1687,"September 19, 1965",Zimmerwald,P. Wild,THM,38.0
1688,"March 3, 1951",La Plata Observatory,M. Itzigsohn,·,16.0
1689,"September 16, 1930",Johannesburg,H. van Gent,slow,14.0
1690,"November 8, 1948",Nice,M. Laugier,·,34.0
1691,"September 9, 1956",Heidelberg,K. Reinmuth,THM,34.0
1692,"August 16, 1936",Crimea-Simeis,G. N. Neujmin,·,36.0
1693,"May 5, 1935",Johannesburg,H. van Gent,·,38.0
1694,"September 29, 1934",Johannesburg,H. van Gent,·,16.0
1695,"October 15, 1941",Turku,L. Oterma,·,19.0
1696,"March 18, 1939",Turku,Y. Väisälä,·,9.2
1697,"September 8, 1940",Turku,H. Alikoski,·,11.0
1698,"February 10, 1934",Uccle,E. Delporte,THM,26.0
1699,"August 26, 1941",Turku,Y. Väisälä,·,8.3
1700,"August 26, 1940",Belgrade,P. Đurković,·,20.0
1701,"July 6, 1953",Johannesburg,J. Churms,·,19.0
1702,"July 7, 1924",Johannesburg,E. Hertzsprung,·,35.0
1703,"September 2, 1930",Heidelberg,M. F. Wolf,slow,9.2
1704,"March 7, 1924",Heidelberg,K. Reinmuth,·,6.6
1705,"September 26, 1941",Turku,L. Oterma,·,12.0
1706,"October 5, 1931",Heidelberg,K. Reinmuth,·,6.1
1707,"September 8, 1932",Uccle,E. Delporte,·,7.5
1708,"December 1, 1929",Barcelona,J. Comas i Solà,·,29.0
1709,"August 16, 1925",Crimea-Simeis,G. Shajn,·,9.4
1710,"October 20, 1941",Konkoly,G. Kulin,·,9.8
1711,"January 29, 1935",Uccle,E. Delporte,EOS,23.0
1712,"May 28, 1935",Johannesburg,C. Jackson,·,67.0
1713,"September 27, 1951",Algiers,L. Boyer,·,5.7
1714,"July 25, 1951",Algiers,L. Boyer,·,14.0
1715,"April 9, 1938",Turku,H. Alikoski,·,24.0
1716,"April 4, 1934",Heidelberg,K. Reinmuth,·,27.0
1717,"January 8, 1954",Uccle,S. J. Arend,moon,8.5
1718,"September 14, 1942",Turku,M. Väisälä,·,9.7
1719,"February 17, 1950",Heidelberg,K. Reinmuth,·,20.0
1720,"February 7, 1935",Heidelberg,K. Reinmuth,slow,6.4
1721,"October 3, 1953",Brooklyn,Indiana University,·,44.0
1722,"February 23, 1938",Uccle,E. Delporte,·,10.0
1723,"March 18, 1936",Turku,Y. Väisälä,EOS,33.0
1724,"February 28, 1932",Uccle,E. Delporte,·,38.0
1725,"September 20, 1930",Crimea-Simeis,G. N. Neujmin,KOR,16.0
1726,"July 24, 1933",Heidelberg,K. Reinmuth,HOF,25.0
1727,"January 25, 1965",Bloemfontein,A. D. Andrews,H · moon,6.8
1728,"October 12, 1964",Brooklyn,Indiana University,·,15.0
1729,"September 19, 1963",Brooklyn,Indiana University,·,9.0
1730,"October 17, 1936",Nice,M. Laugier,·,15.0
1731,"August 9, 1948",Johannesburg,E. L. Johnson,·,55.0
1732,"March 9, 1943",Heidelberg,K. Reinmuth,EOS,22.0
1733,"February 19, 1938",Heidelberg,A. Bohrmann,·,6.7
1734,"October 11, 1928",Crimea-Simeis,G. N. Neujmin,DOR,26.0
1735,"September 10, 1948",Crimea-Simeis,P. F. Shajn,·,62.0
1736,"September 6, 1967",Bordeaux,G. Soulié,·,8.6
1737,"October 13, 1966",Nauchnij,L. I. Chernykh,EOS,21.0
1738,"September 16, 1930",Johannesburg,H. van Gent,·,7.9
1739,"August 15, 1939",Heidelberg,K. Reinmuth,·,7.9
1740,"October 18, 1939",Turku,Y. Väisälä,·,13.0
1741,"January 26, 1960",Brooklyn,Indiana University,KOR,13.0
1742,"September 7, 1934",Heidelberg,K. Reinmuth,KOR,17.0
1743,"September 24, 1960",Palomar,"C. J. van Houten , I. van Houten-Groeneveld , T. Gehrels",·,19.0
1744,"September 24, 1960",Palomar,"C. J. van Houten, I. van Houten-Groeneveld, T. Gehrels",slow,5.0
1745,"September 17, 1941",Washington,"Willis, J.",KOR,12.0
1746,"September 14, 1963",Brooklyn,Indiana University,HIL · 3:2,63.0
1747,"July 14, 1947",Mount Hamilton,C. A. Wirtanen,·,6.4
1748,"September 7, 1966",Zimmerwald,P. Wild,3:2,45.0
1749,"September 23, 1949",Heidelberg,K. Reinmuth,L4,65.0
1750,"July 15, 1950",Heidelberg,K. Reinmuth,H · slow,4.1
1751,"July 27, 1955",Brooklyn,Indiana University,GEF,11.0
1752,"July 22, 1930",Johannesburg,H. van Gent,·,4.6
1753,"May 10, 1934",Johannesburg,H. van Gent,EOS,19.0
1754,"March 29, 1935",Uccle,E. Delporte,3:2,80.0
1755,"November 8, 1936",Nice,M. Laugier,EOS,25.0
1756,"December 24, 1937",Nice,A. Patry,·,10.0
1757,"March 17, 1939",Turku,Y. Väisälä,·,10.0
1758,"February 18, 1942",Turku,L. Oterma,EOS,20.0
1759,"September 11, 1942",Heidelberg,K. Reinmuth,·,7.3
1760,"April 10, 1950",Johannesburg,E. L. Johnson,·,35.0
1761,"March 30, 1952",Brooklyn,Indiana University,·,20.0
1762,"October 8, 1953",Brooklyn,Indiana University,KOR ·,17.0
1763,"October 13, 1953",Brooklyn,Indiana University,·,7.0
1764,"November 7, 1953",Brooklyn,Indiana University,THM,27.0
1765,"December 15, 1957",Brooklyn,Indiana University,·,38.0
1766,"September 7, 1962",Brooklyn,Indiana University,PAD,19.0
1767,"September 7, 1962",Brooklyn,Indiana University,EOS,15.0
1768,"September 23, 1965",Zimmerwald,P. Wild,NYS,20.0
1769,"August 25, 1966",Córdoba,"Pereyra, Z.",·,5.6
1770,"May 10, 1967",El Leoncito,"C. U. Cesco , A. R. Klemola",moon,11.0
1771,"January 24, 1968",Nauchnij,L. I. Chernykh,·,47.0
1772,"February 6, 1968",Nauchnij,L. I. Chernykh,·,9.6
1773,"April 17, 1968",Zimmerwald,P. Wild,slow,7.1
1774,"October 22, 1968",Nauchnij,T. M. Smirnova,KOR,11.0
1775,"May 13, 1969",Zimmerwald,P. Wild,EUN · slow,10.0
1776,"September 24, 1960",Palomar,"C. J. van Houten , I. van Houten-Groeneveld , T. Gehrels",·,40.0
1777,"September 24, 1960",Palomar,"C. J. van Houten, I. van Houten-Groeneveld, T. Gehrels",·,12.0
1778,"September 26, 1960",Palomar,"C. J. van Houten, I. van Houten-Groeneveld, T. Gehrels",THM,21.0
1779,"June 15, 1950",La Plata Observatory,M. Itzigsohn,·,4.1
1780,"September 12, 1906",Heidelberg,A. Kopff,EOS,28.0
1781,"October 17, 1906",Heidelberg,A. Kopff,·,8.5
1782,"October 6, 1931",Heidelberg,K. Reinmuth,THM,22.0
1783,"March 24, 1935",Crimea-Simeis,G. N. Neujmin,ADE,24.0
1784,"June 30, 1935",Johannesburg,C. Jackson,·,10.0
1785,"February 15, 1941",Heidelberg,K. Reinmuth,·,8.8
1786,"October 9, 1948",Turku,H. Alikoski,EOS ·,26.0
1787,"September 19, 1950",Uccle,S. J. Arend,EOS ·,20.0
1788,"July 25, 1952",Brooklyn,Indiana University,THM,21.0
1789,"August 19, 1966",Nauchnij,L. I. Chernykh,·,7.9
1790,"March 9, 1967",Nauchnij,L. I. Chernykh,·,7.1
1791,"September 4, 1967",Nauchnij,T. M. Smirnova,·,29.0
1792,"January 24, 1968",Nauchnij,L. I. Chernykh,·,24.0
1793,"February 28, 1968",Nauchnij,T. M. Smirnova,·,8.3
1794,"April 7, 1970",Hartbeespoort,"Bruwer, J. A.",·,38.0
1795,"September 24, 1960",Palomar,"C. J. van Houten , I. van Houten-Groeneveld , T. Gehrels",DOR,24.0
1796,"May 16, 1966",Nauchnij,N. S. Chernykh,CYB,68.0
1797,"November 15, 1936",Nice,A. Patry,·,9.1
1798,"April 4, 1949",Brooklyn,Indiana University,moon,6.6
1799,"July 25, 1950",Brooklyn,Indiana University,EOS,18.0
1800,"September 12, 1950",La Plata Observatory,M. Itzigsohn,·,7.4
1801,"September 23, 1952",La Plata Observatory,M. Itzigsohn,EOS,22.0
1802,"October 9, 1964",Nanjing,Purple Mountain,KOR,13.0
1803,"February 6, 1967",Zimmerwald,P. Wild,PHO · moon,9.9
1804,"April 6, 1967",Nauchnij,T. M. Smirnova,·,9.1
1805,"April 1, 1970",Nauchnij,L. I. Chernykh,THM,28.0
1806,"June 13, 1971",Bickley,Perth Observatory,·,8.0
1807,"August 20, 1971",Skalnaté Pleso,M. Antal,slow,9.1
1808,"September 24, 1960",Palomar,"C. J. van Houten , I. van Houten-Groeneveld , T. Gehrels",·,15.0
1809,"September 24, 1960",Palomar,"C. J. van Houten, I. van Houten-Groeneveld, T. Gehrels",KOR ·,14.0
1810,"September 24, 1960",Palomar,"C. J. van Houten, I. van Houten-Groeneveld, T. Gehrels",·,7.7
1811,"September 24, 1960",Palomar,"C. J. van Houten, I. van Houten-Groeneveld, T. Gehrels",·,28.0
1812,"September 24, 1960",Palomar,"C. J. van Houten, I. van Houten-Groeneveld, T. Gehrels",EOS,15.0
1813,"October 17, 1960",Palomar,"C. J. van Houten, I. van Houten-Groeneveld, T. Gehrels",·,19.0
1814,"October 9, 1931",Heidelberg,K. Reinmuth,·,7.5
1815,"January 27, 1932",Heidelberg,K. Reinmuth,·,31.0
1816,"January 29, 1936",Johannesburg,C. Jackson,PHO,9.8
1817,"June 20, 1939",Johannesburg,C. Jackson,PHO,16.0
1818,"August 15, 1939",Heidelberg,K. Reinmuth,·,14.0
1819,"August 9, 1948",Johannesburg,E. L. Johnson,·,54.0
1820,"August 2, 1949",Heidelberg,K. Reinmuth,·,5.3
1821,"June 24, 1950",La Plata Observatory,M. Itzigsohn,·,9.5
1822,"July 25, 1950",Brooklyn,Indiana University,·,6.1
1823,"September 4, 1951",Heidelberg,K. Reinmuth,·,8.4
1824,"March 30, 1952",Brooklyn,Indiana University,KOR,14.0
1825,"August 31, 1954",Heidelberg,K. Reinmuth,·,20.0
1826,"September 14, 1955",Brooklyn,Indiana University,EOS,23.0
1827,"September 7, 1962",Brooklyn,Indiana University,·,8.9
1828,"August 14, 1966",Nauchnij,L. I. Chernykh,·,27.0
1829,"May 6, 1967",El Leoncito,"C. U. Cesco , A. R. Klemola",·,8.1
1830,"April 17, 1968",Zimmerwald,P. Wild,(254) · moon,7.7
1831,"April 17, 1968",Zimmerwald,P. Wild,·,8.1
1832,"August 11, 1969",Nauchnij,L. I. Chernykh,URS,29.0
1833,"August 11, 1969",Nauchnij,L. I. Chernykh,·,17.0
1834,"August 22, 1969",Hamburg-Bergedorf,L. Kohoutek,EOS,17.0
1835,"July 30, 1970",Nauchnij,T. M. Smirnova,KOR,13.0
1836,"July 26, 1971",Nauchnij,N. S. Chernykh,DOR,22.0
1837,"August 16, 1971",El Leoncito,"Gibson, J.",·,7.5
1838,"October 20, 1971",Zimmerwald,P. Wild,·,40.0
1839,"October 20, 1971",Zimmerwald,P. Wild,GEF · slow,8.8
1840,"October 26, 1971",Hamburg-Bergedorf,L. Kohoutek,KOR,12.0
1841,"October 26, 1971",Hamburg-Bergedorf,L. Kohoutek,CYB,40.0
1842,"January 14, 1972",Hamburg-Bergedorf,L. Kohoutek,·,8.0
1843,"January 14, 1972",Hamburg-Bergedorf,L. Kohoutek,·,29.0
1844,"October 30, 1972",Zimmerwald,P. Wild,EOS,27.0
1845,"October 30, 1972",Zimmerwald,P. Wild,EOS,20.0
1846,"September 24, 1960",Palomar,"C. J. van Houten , I. van Houten-Groeneveld , T. Gehrels",·,11.0
1847,"February 1, 1916",Hamburg-Bergedorf,H. Thiele,·,17.0
1848,"August 18, 1933",Uccle,E. Delporte,KOR,17.0
1849,"January 14, 1942",Heidelberg,K. Reinmuth,EOS,22.0
1850,"March 23, 1942",Heidelberg,K. Reinmuth,·,7.6
1851,"November 9, 1950",Algiers,L. Boyer,THM,17.0
1852,"April 1, 1955",Brooklyn,Indiana University,EOS,21.0
1853,"December 15, 1957",Brooklyn,Indiana University,·,24.0
1854,"October 22, 1968",Nauchnij,T. M. Smirnova,·,9.6
1855,"October 8, 1969",Nauchnij,L. I. Chernykh,·,6.8
1856,"October 8, 1969",Nauchnij,L. I. Chernykh,·,6.6
1857,"August 30, 1971",Nauchnij,T. M. Smirnova,·,8.0
1858,"August 18, 1972",Nauchnij,L. V. Zhuravleva,·,11.0
1859,"September 4, 1972",Nauchnij,L. V. Zhuravleva,·,45.0
1860,"September 28, 1973",Zimmerwald,P. Wild,·,17.0
1861,"November 24, 1970",Hamburg-Bergedorf,L. Kohoutek,EOS,15.0
1862,"April 24, 1932",Heidelberg,K. Reinmuth,APO + 1 km (0.62 mi) · PHA · moon,1.5
1863,"March 7, 1948",Mount Hamilton,C. A. Wirtanen,APO +1 km (0.62 mi),2.1
1864,"March 24, 1971",Palomar,T. Gehrels,APO +1 km (0.62 mi),3.7
1865,"October 26, 1971",Hamburg-Bergedorf,L. Kohoutek,APO +1 km (0.62 mi),1.2
1866,"December 5, 1972",Zimmerwald,P. Wild,APO +1 km (0.62 mi) · moon,8.5
1867,"March 3, 1971",El Leoncito,C. U. Cesco,L5,118.0
1868,"September 24, 1960",Palomar,"C. J. van Houten , I. van Houten-Groeneveld , T. Gehrels",L4,68.0
1869,"September 24, 1960",Palomar,"C. J. van Houten, I. van Houten-Groeneveld, T. Gehrels",L4,23.0
1870,"March 24, 1971",Palomar,"C. J. van Houten, I. van Houten-Groeneveld, T. Gehrels",L5,48.0
1871,"March 24, 1971",Palomar,"C. J. van Houten, I. van Houten-Groeneveld, T. Gehrels",L5,28.0
1872,"March 24, 1971",Palomar,"C. J. van Houten, I. van Houten-Groeneveld, T. Gehrels",L5,34.0
1873,"March 25, 1971",Palomar,"C. J. van Houten, I. van Houten-Groeneveld, T. Gehrels",L5,51.0
1874,"September 5, 1924",Crimea-Simeis,S. Belyavsky,·,21.0
1875,"August 22, 1969",Hamburg-Bergedorf,L. Kohoutek,·,19.0
1876,"January 31, 1970",Palomar,C. T. Kowal,H,2.2
1877,"March 24, 1971",Palomar,T. Gehrels,T j (2.94) · 3:2,36.0
1878,"August 18, 1933",Uccle,E. Delporte,KOR,12.0
1879,"October 16, 1935",Johannesburg,H. van Gent,moon,7.4
1880,"January 13, 1940",Heidelberg,K. Reinmuth,·,15.0
1881,"August 3, 1940",Heidelberg,K. Reinmuth,·,24.0
1882,"October 15, 1941",Turku,L. Oterma,EOS,18.0
1883,"December 4, 1942",Turku,Y. Väisälä,·,5.7
1884,"March 2, 1943",Nice,M. Laugier,·,8.4
1885,"August 9, 1948",Johannesburg,E. L. Johnson,·,4.7
1886,"June 21, 1949",Flagstaff,H. L. Giclas,EUN · slow,10.0
1887,"October 5, 1950",Uccle,S. J. Arend,EOS,21.0
1888,"November 9, 1964",Nanjing,Purple Mountain,(5),12.0
1889,"January 24, 1968",Nauchnij,L. I. Chernykh,·,35.0
1890,"February 6, 1968",Nauchnij,L. I. Chernykh,·,26.0
1891,"September 11, 1969",Zimmerwald,P. Wild,·,12.0
1892,"September 16, 1971",Zimmerwald,P. Wild,PHO,9.7
1893,"October 20, 1971",Zimmerwald,P. Wild,·,13.0
1894,"October 26, 1971",Hamburg-Bergedorf,L. Kohoutek,KOR,11.0
1895,"October 26, 1971",Hamburg-Bergedorf,L. Kohoutek,THM,20.0
1896,"October 26, 1971",Hamburg-Bergedorf,L. Kohoutek,NYS,5.4
1897,"October 26, 1971",Hamburg-Bergedorf,L. Kohoutek,·,5.0
1898,"October 26, 1971",Hamburg-Bergedorf,L. Kohoutek,THM,15.0
1899,"October 26, 1971",Hamburg-Bergedorf,L. Kohoutek,·,5.3
1900,"December 16, 1971",Nauchnij,T. M. Smirnova,·,8.8
1901,"January 14, 1972",Hamburg-Bergedorf,L. Kohoutek,·,28.0
1902,"April 18, 1972",Nauchnij,T. M. Smirnova,T j (2.98) · 3:2,83.0
1903,"May 9, 1972",Nauchnij,T. M. Smirnova,EOS · slow,28.0
1904,"May 9, 1972",Nauchnij,T. M. Smirnova,·,14.0
1905,"May 14, 1972",Nauchnij,T. M. Smirnova,·,8.0
1906,"September 5, 1972",Zimmerwald,P. Wild,V,7.9
1907,"September 11, 1972",Nauchnij,N. S. Chernykh,·,11.0
1908,"September 11, 1972",Nauchnij,N. S. Chernykh,slow,18.0
1909,"September 4, 1972",Nauchnij,L. V. Zhuravleva,slow,19.0
1910,"October 8, 1972",Nauchnij,L. V. Zhuravleva,EOS,37.0
1911,"October 25, 1973",Zimmerwald,P. Wild,3:2 · SHU,67.0
1912,"September 24, 1960",Palomar,"C. J. van Houten , I. van Houten-Groeneveld , T. Gehrels",KOR,10.0
1913,"September 22, 1928",Heidelberg,K. Reinmuth,KOR,13.0
1914,"September 28, 1930",Johannesburg,H. van Gent,·,9.6
1915,"March 9, 1953",Palomar,A. G. Wilson,AMO · (887),0.5
1916,"September 1, 1953",Uccle,S. J. Arend,AMO + 1 km (0.62 mi),3.5
1917,"January 1, 1968",El Leoncito,"C. U. Cesco , Samuel, A. G.",AMO +1 km (0.62 mi),5.7
1918,"October 19, 1968",Bordeaux,G. Soulié,·,20.0
1919,"September 16, 1971",El Leoncito,"Gibson, J., C. U. Cesco",H,3.3
1920,"November 11, 1971",El Leoncito,"Gibson, J., C. U. Cesco",H,2.9
1921,"September 20, 1973",Palomar,T. Gehrels,T j (2.96) · CYB · 2:1J (unstable),6.0
1922,"April 25, 1949",Johannesburg,E. L. Johnson,T j (2.73) · 2:1J (unstable),21.0
1923,"September 24, 1960",Palomar,"C. J. van Houten , I. van Houten-Groeneveld , T. Gehrels",·,13.0
1924,"September 24, 1960",Palomar,"C. J. van Houten, I. van Houten-Groeneveld, T. Gehrels",·,13.0
1925,"September 9, 1934",Johannesburg,H. van Gent,·,8.9
1926,"May 2, 1935",Uccle,E. Delporte,EUN ·,18.0
1927,"March 18, 1936",Turku,R. Suvanto,EUN,12.0
1928,"September 21, 1938",Turku,Y. Väisälä,·,9.3
1929,"January 20, 1939",Turku,Y. Väisälä,·,7.8
1930,"October 29, 1964",USNO Flagstaff,E. Roemer,·,34.0
1931,"August 22, 1969",Hamburg-Bergedorf,L. Kohoutek,slow,6.6
1932,"October 26, 1971",Hamburg-Bergedorf,L. Kohoutek,NYS,5.4
1933,"January 14, 1972",Hamburg-Bergedorf,L. Kohoutek,V,4.5
1934,"December 2, 1972",Mount Hamilton,A. R. Klemola,moon,9.2
1935,"September 2, 1973",Zimmerwald,P. Wild,·,6.4
1936,"November 24, 1973",Zimmerwald,P. Wild,ADE,34.0
1937,"December 19, 1973",Zimmerwald,P. Wild,PHO · slow,13.0
1938,"April 19, 1974",Zimmerwald,P. Wild,·,7.6
1939,"October 17, 1974",Palomar,C. T. Kowal,THM ·,30.0
1940,"February 2, 1975",Harvard Observatory,Harvard Observatory,·,37.0
1941,"October 6, 1931",Heidelberg,K. Reinmuth,T j (2.98) · 3:2 · SHU,17.0
1942,"September 30, 1972",Hamburg-Bergedorf,L. Kohoutek,PHO,17.0
1943,"March 13, 1973",El Leoncito,"Gibson, J.",AMO + 1 km (0.62 mi),2.3
1944,"September 14, 1925",Heidelberg,K. Reinmuth,·,4.9
1945,"July 22, 1930",Johannesburg,H. van Gent,·,7.2
1946,"August 8, 1931",Johannesburg,H. van Gent,·,9.2
1947,"March 4, 1935",Turku,Y. Väisälä,EOS,32.0
1948,"April 3, 1935",Johannesburg,C. Jackson,·,8.4
1949,"July 8, 1936",Johannesburg,C. Jackson,·,3.6
1950,"March 23, 1942",Heidelberg,K. Reinmuth,·,6.3
1951,"July 26, 1949",Mount Hamilton,C. A. Wirtanen,·,5.6
1952,"May 3, 1951",Brooklyn,Indiana University,·,38.0
1953,"October 29, 1951",Brooklyn,Indiana University,THM,22.0
1954,"August 15, 1952",Crimea-Simeis,P. F. Shajn,slow,14.0
1955,"September 22, 1963",Brooklyn,Indiana University,KOR,9.8
1956,"October 8, 1969",Nauchnij,L. I. Chernykh,THM,20.0
1957,"April 1, 1970",Nauchnij,L. I. Chernykh,EOS,18.0
1958,"September 24, 1970",El Leoncito,C. U. Cesco,·,34.0
1959,"July 14, 1972",Nauchnij,L. V. Zhuravleva,V,6.9
1960,"October 25, 1973",Zimmerwald,P. Wild,·,27.0
1961,"November 19, 1973",Zimmerwald,P. Wild,(1298),50.0
1962,"November 24, 1973",Zimmerwald,P. Wild,·,19.0
1963,"February 9, 1975",Hamburg-Bergedorf,L. Kohoutek,PHO,36.0
1964,"September 24, 1960",Palomar,"C. J. van Houten , I. van Houten-Groeneveld , T. Gehrels",·,8.4
1965,"September 24, 1960",Palomar,"C. J. van Houten, I. van Houten-Groeneveld, T. Gehrels",·,14.0
1966,"September 24, 1960",Palomar,"C. J. van Houten, I. van Houten-Groeneveld, T. Gehrels",·,8.4
1967,"November 1, 1905",Heidelberg,M. F. Wolf,·,9.6
1968,"January 29, 1932",Heidelberg,K. Reinmuth,·,13.0
1969,"February 3, 1935",Uccle,S. J. Arend,·,23.0
1970,"March 12, 1954",La Plata Observatory,M. Itzigsohn,DOR,19.0
1971,"September 14, 1955",Brooklyn,Indiana University,EOS,12.0
1972,"November 9, 1964",Nanking,Purple Mountain,·,6.0
1973,"July 18, 1968",Cerro El Roble,"C. Torres , Cofre, S.",·,26.0
1974,"July 18, 1968",Cerro El Roble,"C. Torres, Cofre, S.",slow,12.0
1975,"August 11, 1969",Nauchnij,L. I. Chernykh,·,15.0
1976,"April 1, 1970",Nauchnij,L. I. Chernykh,·,3.7
1977,"August 30, 1970",Nauchnij,T. M. Smirnova,·,17.0
1978,"June 13, 1971",Bickley,Perth Observatory,·,6.7
1979,"September 24, 1960",Palomar,"C. J. van Houten , I. van Houten-Groeneveld , T. Gehrels",V,4.8
1980,"June 19, 1950",Palomar,"A. G. Wilson , Å. A. E. Wallenquist",AMO + 1 km (0.62 mi),4.3
1981,"March 6, 1973",Palomar,C. T. Kowal,APO +1 km (0.62 mi) · PHA,3.4
1982,"November 4, 1975",Palomar,E. F. Helin,·,8.1
1983,"June 9, 1975",Tucson,E. Roemer,·,16.0
1984,"October 10, 1926",Crimea-Simeis,S. Belyavsky,·,36.0
1985,"January 13, 1929",Heidelberg,K. Reinmuth,·,36.0
1986,"September 28, 1935",Johannesburg,H. van Gent,THM,20.0
1987,"September 11, 1952",Crimea-Simeis,P. F. Shajn,PHO,13.0
1988,"September 28, 1952",Brooklyn,Indiana University,·,5.8
1989,"March 20, 1955",Skalnaté Pleso,"Paroubek, A., Podstanicka, R.",slow,9.6
1990,"March 9, 1956",Heidelberg,K. Reinmuth,moon,6.8
1991,"May 6, 1967",El Leoncito,"C. U. Cesco , A. R. Klemola",·,5.0
1992,"July 18, 1968",Cerro El Roble,"C. Torres , Cofre, S.",EOS,9.6
1993,"July 25, 1968",Cerro El Roble,"Plyugin, G. A., Yu. A. Belyaev",·,8.4
1994,"October 4, 1961",Brooklyn,Indiana University,ADE,25.0
1995,"October 26, 1971",Hamburg-Bergedorf,L. Kohoutek,·,13.0
1996,"October 16, 1961",Brooklyn,Indiana University,MAR,12.0
1997,"September 14, 1963",Brooklyn,Indiana University,·,6.8
1998,"February 24, 1938",Heidelberg,A. Bohrmann,·,14.0
1999,"February 27, 1973",Hamburg-Bergedorf,L. Kohoutek,·,38.0
2000,"July 29, 1960",Sonneberg,J. Schubart,slow,15.0
2001,"March 5, 1973",Zimmerwald,P. Wild,H,4.0
2002,"August 29, 1973",Nauchnij,T. M. Smirnova,·,20.0
2003,"September 24, 1960",Palomar,"C. J. van Houten , I. van Houten-Groeneveld , T. Gehrels",·,20.0
2004,"September 22, 1973",Nauchnij,N. S. Chernykh,·,7.3
2005,"September 2, 1973",Zimmerwald,P. Wild,EUN,9.4
2006,"September 22, 1973",Nauchnij,N. S. Chernykh,moon,4.6
2007,"September 22, 1963",Brooklyn,Indiana University,NYS ·,26.0
2008,"September 27, 1973",Nauchnij,L. I. Chernykh,·,52.0
2009,"October 22, 1968",Nauchnij,T. M. Smirnova,THM ·,27.0
2010,"October 13, 1969",Nauchnij,B. A. Burnasheva,THM,25.0
2011,"August 30, 1970",Nauchnij,T. M. Smirnova,V,5.2
2012,"October 9, 1964",Nanking,Purple Mountain,slow,12.0
2013,"October 22, 1971",Cerro El Roble,University of Chile,·,11.0
2014,"May 2, 1973",Mount Hamilton,A. R. Klemola,·,9.0
2015,"September 4, 1972",Nauchnij,L. V. Zhuravleva,·,12.0
2016,"September 18, 1938",Heidelberg,A. Bohrmann,THM,22.0
2017,"September 20, 1903",Heidelberg,M. F. Wolf,·,7.2
2018,"October 17, 1931",Heidelberg,K. Reinmuth,·,4.0
2019,"September 28, 1935",Johannesburg,H. van Gent,moon,7.9
2020,"March 18, 1936",Turku,Y. Väisälä,EOS,19.0
2021,"June 26, 1936",Algiers,L. Boyer,·,5.0
2022,"February 7, 1938",Heidelberg,K. Reinmuth,·,13.0
2023,"September 16, 1952",Brooklyn,Indiana University,·,20.0
2024,"October 23, 1952",Brooklyn,Indiana University,V · fast,7.9
2025,"June 6, 1953",Johannesburg,J. Churms,·,43.0
2026,"March 30, 1955",Brooklyn,Indiana University,NYS,14.0
2027,"November 9, 1964",Nanking,Purple Mountain,EOS,17.0
2028,"July 18, 1968",Cerro El Roble,"C. Torres , Cofre, S.",·,3.2
2029,"September 11, 1969",Zimmerwald,P. Wild,V,6.9
2030,"October 8, 1969",Nauchnij,L. I. Chernykh,·,5.6
2031,"October 8, 1969",Nauchnij,L. I. Chernykh,·,7.1
2032,"July 30, 1970",Nauchnij,T. M. Smirnova,·,36.0
2033,"February 6, 1973",Zimmerwald,P. Wild,·,5.7
2034,"March 5, 1973",Zimmerwald,P. Wild,·,7.8
2035,"September 21, 1973",El Leoncito,"Gibson, J.",H,4.8
2036,"September 22, 1973",Nauchnij,N. S. Chernykh,·,7.0
2037,"October 25, 1973",Zimmerwald,P. Wild,moon,6.0
2038,"November 24, 1973",Zimmerwald,P. Wild,PHO,11.0
2039,"February 14, 1974",Harvard Observatory,Harvard Observatory,THM,14.0
2040,"April 19, 1974",Zimmerwald,P. Wild,·,34.0
2041,"September 24, 1960",Palomar,"C. J. van Houten , I. van Houten-Groeneveld , T. Gehrels",·,17.0
2042,"September 24, 1960",Palomar,"C. J. van Houten, I. van Houten-Groeneveld, T. Gehrels",MRX,7.5
2043,"November 12, 1936",Konkoly,G. Kulin,·,48.0
2044,"November 8, 1950",Mount Hamilton,C. A. Wirtanen,moon,6.7
2045,"October 8, 1964",Nanking,Purple Mountain,V · slow,9.7
2046,"October 22, 1968",Nauchnij,T. M. Smirnova,THM,24.0
2047,"October 26, 1971",Hamburg-Bergedorf,L. Kohoutek,H · moon,3.1
2048,"August 27, 1973",Palomar,E. F. Helin,H,2.6
2049,"September 29, 1973",Palomar,T. Gehrels,H,2.5
2050,"May 28, 1974",Palomar,E. F. Helin,PHO,8.5
2051,"October 23, 1976",Harvard Observatory,Harvard Observatory,KOR ·,14.0
2052,"October 24, 1976",La Silla,R. M. West,EOS,27.0
2053,"October 24, 1976",La Silla,R. M. West,GEF,11.0
2054,"September 24, 1960",Palomar,"C. J. van Houten , I. van Houten-Groeneveld , T. Gehrels",·,18.0
2055,"February 19, 1974",Hamburg-Bergedorf,L. Kohoutek,·,7.9
2056,"October 15, 1909",Heidelberg,J. Helffrich,slow,7.8
2057,"September 7, 1934",Heidelberg,K. Reinmuth,·,13.0
2058,"January 22, 1938",Konkoly,G. Kulin,THM ·,24.0
2059,"October 16, 1963",Brooklyn,Indiana University,AMO + 1 km (0.62 mi) · slow,2.3
2060,"October 18, 1977",Palomar,C. T. Kowal,centaur · Comet (95P),166.0
2061,"October 22, 1960",Flagstaff,H. L. Giclas,AMO + 1 km (0.62 mi),2.6
2062,"January 7, 1976",Palomar,E. F. Helin,ATE +1 km (0.62 mi),1.1
2063,"April 24, 1977",Palomar,C. T. Kowal,APO + 1 km (0.62 mi),1.0
2064,"September 8, 1942",Turku,L. Oterma,·,14.0
2065,"September 9, 1959",Brooklyn,Indiana University,·,17.0
2066,"June 4, 1934",Johannesburg,C. Jackson,·,17.0
2067,"February 23, 1936",Turku,Y. Väisälä,3:2,46.0
2068,"January 8, 1948",Nice,M. Laugier,·,34.0
2069,"March 29, 1955",Brooklyn,Indiana University,·,38.0
2070,"October 14, 1964",Brooklyn,Indiana University,moon,4.6
2071,"August 18, 1971",Nauchnij,T. M. Smirnova,·,5.0
2072,"August 31, 1973",Nauchnij,T. M. Smirnova,·,4.8
2073,"February 19, 1974",Hamburg-Bergedorf,L. Kohoutek,·,9.8
2074,"October 17, 1974",Palomar,E. F. Helin,·,3.2
2075,"November 9, 1974",El Leoncito,Félix Aguilar Observatory,PHO,6.3
2076,"November 16, 1974",Harvard Observatory,Harvard Observatory,(2076),3.6
2077,"December 18, 1974",Nanking,Purple Mountain,slow,3.8
2078,"January 12, 1975",Nanking,Purple Mountain,·,4.6
2079,"February 23, 1976",Harvard Observatory,Harvard Observatory,EUN,8.9
2080,"February 27, 1976",Zimmerwald,P. Wild,moon,5.8
2081,"February 27, 1976",Zimmerwald,P. Wild,NYS,17.0
2082,"October 17, 1960",Palomar,"C. J. van Houten , I. van Houten-Groeneveld , T. Gehrels",·,17.0
2083,"November 29, 1973",Palomar,E. F. Helin,H,3.8
2084,"February 7, 1935",Uccle,S. J. Arend,·,18.0
2085,"December 20, 1965",Nanking,Purple Mountain,slow,13.0
2086,"January 20, 1966",Brooklyn,Indiana University,·,6.1
2087,"December 28, 1975",Zimmerwald,P. Wild,·,6.6
2088,"February 27, 1976",Zimmerwald,P. Wild,·,7.4
2089,"November 9, 1977",Anderson Mesa,N. G. Thomas,slow,16.0
2090,"March 12, 1978",Yakiimo,T. Urata,·,18.0
2091,"April 26, 1941",Turku,Y. Väisälä,EOS,23.0
2092,"October 16, 1969",Nauchnij,L. I. Chernykh,KOR,10.0
2093,"April 28, 1971",Nauchnij,T. M. Smirnova,BAP,7.9
2094,"October 12, 1971",Nauchnij,Crimean Astrophysical Observatory,(883),10.0
2095,"September 24, 1960",Palomar,"C. J. van Houten , I. van Houten-Groeneveld , T. Gehrels",·,9.2
2096,"October 18, 1939",Turku,Y. Väisälä,·,11.0
2097,"August 11, 1953",Heidelberg,K. Reinmuth,·,26.0
2098,"August 18, 1972",Nauchnij,L. V. Zhuravleva,·,13.0
2099,"November 8, 1977",Palomar,E. F. Helin,·,5.2
2100,"September 10, 1978",Palomar,E. F. Helin,ATE + 1 km (0.62 mi),2.3
2101,"February 12, 1936",Uccle,E. Delporte,APO · PHA,0.6
2102,"December 27, 1975",Palomar,C. T. Kowal,APO + 1 km (0.62 mi) · PHA,1.6
2103,"March 20, 1960",La Plata Observatory,La Plata,·,23.0
2104,"August 15, 1963",Tautenburg Observatory,K. W. Kamper,·,36.0
2105,"February 29, 1976",La Silla,H.-E. Schuster,PHO,20.0
2106,"October 21, 1936",Nice,M. Laugier,·,17.0
2107,"November 12, 1941",Turku,L. Oterma,·,17.0
2108,"October 4, 1948",Crimea-Simeis,P. F. Shajn,·,29.0
2109,"October 13, 1950",Uccle,S. J. Arend,·,20.0
2110,"September 7, 1962",Brooklyn,Indiana University,·,5.7
2111,"June 13, 1969",Nauchnij,T. M. Smirnova,EOS,23.0
2112,"July 13, 1972",Nauchnij,T. M. Smirnova,·,7.5
2113,"September 11, 1972",Nauchnij,N. S. Chernykh,·,7.0
2114,"April 19, 1976",Mount Stromlo,C.-I. Lagerkvist,THM ·,23.0
2115,"October 24, 1976",La Silla,R. M. West,EOS,21.0
2116,"October 24, 1976",La Silla,R. M. West,·,23.0
2117,"January 9, 1978",La Silla,R. M. West,KOR,12.0
2118,"August 5, 1978",Anderson Mesa,H. L. Giclas,·,11.0
2119,"August 30, 1930",Heidelberg,"M. F. Wolf , Ferrero, M.",·,5.2
2120,"September 9, 1967",Nauchnij,T. M. Smirnova,·,51.0
2121,"June 27, 1971",Nauchnij,T. M. Smirnova,(254) · moon,8.7
2122,"December 14, 1971",Nauchnij,T. M. Smirnova,·,11.0
2123,"September 22, 1973",Nauchnij,N. S. Chernykh,KOR,14.0
2124,"June 20, 1974",El Leoncito,Félix Aguilar Observatory,EOS,15.0
2125,"September 24, 1960",Palomar,"C. J. van Houten , I. van Houten-Groeneveld , T. Gehrels",·,11.0
2126,"August 30, 1970",Nauchnij,T. M. Smirnova,·,7.8
2127,"May 29, 1971",Nauchnij,L. I. Chernykh,·,38.0
2128,"September 26, 1973",Palomar,E. F. Helin,·,8.9
2129,"September 27, 1973",Zimmerwald,P. Wild,·,2.9
2130,"August 22, 1974",Nauchnij,L. V. Zhuravleva,(883),5.4
2131,"September 3, 1975",Mount Hamilton,A. R. Klemola,H · moon,8.3
2132,"October 3, 1975",Nauchnij,L. I. Chernykh,·,31.0
2133,"November 20, 1976",Harvard Observatory,Harvard Observatory,·,9.1
2134,"December 24, 1976",Palomar,C. T. Kowal,·,6.0
2135,"April 17, 1977",Palomar,"S. J. Bus , E. F. Helin",APO + 1 km (0.62 mi) · PHA,0.87
2136,"July 24, 1933",Heidelberg,K. Reinmuth,EOS,18.0
2137,"August 24, 1936",Heidelberg,K. Reinmuth,·,35.0
2138,"April 17, 1968",Zimmerwald,P. Wild,slow,15.0
2139,"June 30, 1970",Nauchnij,T. M. Smirnova,NYS,17.0
2140,"August 3, 1970",Nauchnij,T. M. Smirnova,·,35.0
2141,"August 30, 1970",Nauchnij,T. M. Smirnova,·,12.0
2142,"April 3, 1972",Nauchnij,L. I. Chernykh,THM,20.0
2143,"September 26, 1973",Palomar,E. F. Helin,·,4.9
2144,"January 18, 1975",Nauchnij,L. I. Chernykh,KOR,16.0
2145,"October 24, 1976",La Silla,R. M. West,·,41.0
2146,"October 24, 1976",La Silla,R. M. West,L4,51.0
2147,"October 25, 1976",La Silla,R. M. West,VER,23.0
2148,"October 24, 1976",La Silla,R. M. West,L4,38.0
2149,"March 22, 1977",Nauchnij,N. S. Chernykh,·,11.0
2150,"October 13, 1977",Palomar,W. Sebok,H,6.1
2151,"November 3, 1977",Zimmerwald,P. Wild,MAR,14.0
2152,"November 19, 1978",Zimmerwald,P. Wild,·,45.0
2153,"December 1, 1978",Harvard Observatory,Harvard Observatory,THM,23.0
2154,"September 24, 1960",Palomar,"C. J. van Houten , I. van Houten-Groeneveld , T. Gehrels",·,13.0
2155,"September 24, 1960",Palomar,"C. J. van Houten, I. van Houten-Groeneveld, T. Gehrels",KOR,8.5
2156,"September 23, 1917",Crimea-Simeis,S. Belyavsky,·,8.1
2157,"March 7, 1924",Heidelberg,K. Reinmuth,GEF · slow,13.0
2158,"July 24, 1933",Heidelberg,K. Reinmuth,·,23.0
2159,"October 16, 1941",Turku,L. Oterma,·,11.0
2160,"September 7, 1956",Brooklyn,Indiana University,KOR,14.0
2161,"October 17, 1963",Brooklyn,Indiana University,·,16.0
2162,"January 30, 1966",Nanking,Purple Mountain,·,7.3
2163,"September 16, 1971",Nauchnij,Crimean Astrophysical Observatory,THM,24.0
2164,"September 11, 1972",Nauchnij,N. S. Chernykh,THM,20.0
2165,"September 7, 1956",Brooklyn,Indiana University,THM,27.0
2166,"August 13, 1936",Crimea-Simeis,G. N. Neujmin,·,4.3
2167,"June 1, 1971",Bickley,Perth Observatory,·,9.0
2168,"September 14, 1955",Brooklyn,Indiana University,·,8.2
2169,"November 9, 1964",Nanking,Purple Mountain,AST,19.0
2170,"September 16, 1971",Nauchnij,Crimean Astrophysical Observatory,·,9.4
2171,"August 28, 1973",Nauchnij,T. M. Smirnova,moon,8.0
2172,"August 31, 1973",Nauchnij,T. M. Smirnova,·,20.0
2173,"August 22, 1974",Nauchnij,L. V. Zhuravleva,·,28.0
2174,"October 8, 1975",Palomar,"S. J. Bus , J. Huchra",·,5.2
2175,"October 12, 1977",Zimmerwald,P. Wild,·,3.9
2176,"September 24, 1960",Palomar,"C. J. van Houten , I. van Houten-Groeneveld , T. Gehrels",KOR,11.0
2177,"September 24, 1960",Palomar,"C. J. van Houten, I. van Houten-Groeneveld, T. Gehrels",·,20.0
2178,"September 11, 1972",Nauchnij,N. S. Chernykh,moon,4.3
2179,"June 28, 1965",El Leoncito,A. R. Klemola,EOS,20.0
2180,"September 8, 1940",Turku,H. Alikoski,EOS,21.0
2181,"December 28, 1942",Heidelberg,K. Reinmuth,EUN,10.0
2182,"March 21, 1953",Brooklyn,Indiana University,THM,24.0
2183,"July 26, 1959",Bloemfontein,C. Hoffmeister,·,24.0
2184,"October 9, 1964",Nanking,Purple Mountain,·,36.0
2185,"November 20, 1965",Nanking,Purple Mountain,·,15.0
2186,"September 27, 1973",Nauchnij,L. I. Chernykh,·,13.0
2187,"October 24, 1976",La Silla,R. M. West,·,12.0
2188,"October 28, 1976",Nauchnij,L. V. Zhuravleva,KOR,14.0
2189,"August 30, 1975",El Leoncito,Félix Aguilar Observatory,PHO,6.3
2190,"April 2, 1976",Nauchnij,N. S. Chernykh,·,15.0
2191,"August 6, 1977",Mount Stromlo,C.-I. Lagerkvist,EOS,18.0
2192,"April 18, 1972",Nauchnij,T. M. Smirnova,·,29.0
2193,"May 18, 1926",Johannesburg,H. E. Wood,·,58.0
2194,"April 3, 1940",Turku,Y. Väisälä,·,9.0
2195,"September 27, 1941",Turku,L. Oterma,·,8.6
2196,"January 29, 1965",Brooklyn,Indiana University,CYB,57.0
2197,"December 30, 1965",Nanking,Purple Mountain,THM,20.0
2198,"November 7, 1975",Harvard Observatory,Harvard Observatory,(5),4.4
2199,"June 6, 1978",Kleť,A. Mrkos,·,7.0
2200,"September 24, 1960",Palomar,"C. J. van Houten , I. van Houten-Groeneveld , T. Gehrels",·,8.1
2201,"December 12, 1947",Flagstaff,H. L. Giclas,APO + 1 km (0.62 mi) · PHA,1.8
2202,"September 7, 1972",Mount Hamilton,A. R. Klemola,AMO +1 km (0.62 mi),1.4
2203,"September 28, 1935",Johannesburg,H. van Gent,THM,22.0
2204,"March 3, 1943",Turku,Y. Väisälä,·,25.0
2205,"September 27, 1973",Nauchnij,L. I. Chernykh,·,14.0
2206,"April 1, 1976",Nauchnij,N. S. Chernykh,EOS,20.0
2207,"August 19, 1977",Nauchnij,N. S. Chernykh,L5,98.0
2208,"August 22, 1977",Nauchnij,N. S. Chernykh,CYB,41.0
2209,"October 28, 1978",Nanking,Purple Mountain,KOR,17.0
2210,"September 24, 1960",Palomar,"C. J. van Houten , I. van Houten-Groeneveld , T. Gehrels",NYS,4.5
2211,"November 26, 1951",Mount Wilson,L. E. Cunningham,URS,18.0
2212,"September 27, 1978",Nauchnij,L. I. Chernykh,APO + 1 km (0.62 mi),5.7
2213,"September 24, 1935",Uccle,E. Delporte,·,4.9
2214,"April 7, 1953",Heidelberg,K. Reinmuth,·,26.0
2215,"November 12, 1964",Nanking,Purple Mountain,·,13.0
2216,"June 12, 1971",Nauchnij,T. M. Smirnova,EOS,18.0
2217,"September 26, 1971",Nauchnij,T. M. Smirnova,THM,29.0
2218,"January 10, 1975",Zimmerwald,P. Wild,·,28.0
2219,"June 13, 1975",El Leoncito,Félix Aguilar Observatory,·,39.0
2220,"November 4, 1975",Palomar,E. F. Helin,THM,16.0
2221,"August 25, 1976",Harvard Observatory,Harvard Observatory,MAR,6.6
2222,"September 19, 1977",Nauchnij,N. S. Chernykh,THM,30.0
2223,"October 4, 1977",Nanking,Purple Mountain,L5,77.0
2224,"September 24, 1960",Palomar,"C. J. van Houten , I. van Houten-Groeneveld , T. Gehrels",KOR,23.0
2225,"September 24, 1960",Palomar,"C. J. van Houten, I. van Houten-Groeneveld, T. Gehrels",KOR,10.0
2226,"August 26, 1936",Heidelberg,A. Bohrmann,KOR,15.0
2227,"September 13, 1955",Brooklyn,Indiana University,·,4.7
2228,"July 19, 1977",Nauchnij,N. S. Chernykh,THM,26.0
2229,"September 7, 1977",Zimmerwald,P. Wild,·,8.8
2230,"October 29, 1978",Nanking,Purple Mountain,KOR,11.0
2231,"September 21, 1941",Uccle,S. J. Arend,·,16.0
2232,"September 15, 1969",Nauchnij,B. A. Burnasheva,·,12.0
2233,"December 3, 1972",Nauchnij,L. V. Zhuravleva,·,6.7
2234,"April 27, 1977",La Silla,H.-E. Schuster,·,9.5
2235,"April 5, 1924",Heidelberg,K. Reinmuth,·,42.0
2236,"March 23, 1933",Heidelberg,K. Reinmuth,·,9.1
2237,"October 2, 1938",Crimea-Simeis,G. N. Neujmin,THM ·,21.0
2238,"September 11, 1972",Nauchnij,N. S. Chernykh,·,15.0
2239,"September 13, 1978",Zimmerwald,P. Wild,·,34.0
2240,"December 30, 1978",Harvard Observatory,Harvard Observatory,THM,24.0
2241,"November 22, 1979",Palomar,C. T. Kowal,L5,114.0
2242,"October 13, 1936",Konkoly,G. Kulin,moon,5.8
2243,"September 25, 1941",Turku,Y. Väisälä,·,8.6
2244,"October 22, 1952",Belgrade,M. B. Protić,·,24.0
2245,"January 24, 1968",Nauchnij,L. I. Chernykh,·,29.0
2246,"December 14, 1979",Anderson Mesa,E. Bowell,3:2,48.0
2247,"September 24, 1960",Palomar,"C. J. van Houten , I. van Houten-Groeneveld , T. Gehrels",·,4.4
2248,"February 27, 1933",Heidelberg,K. Reinmuth,THM,26.0
2249,"April 6, 1942",Heidelberg,K. Reinmuth,·,34.0
2250,"April 18, 1972",Nauchnij,T. M. Smirnova,THM ·,19.0
2251,"September 19, 1977",Nauchnij,N. S. Chernykh,·,29.0
2252,"November 1, 1978",Caussols,K. Tomita,(5),18.0
2253,"July 30, 1932",Williams Bay,G. Van Biesbroeck,·,5.5
2254,"August 19, 1977",Nauchnij,N. S. Chernykh,·,10.0
2255,"November 3, 1977",Nanking,Purple Mountain,·,24.0
2256,"September 24, 1960",Palomar,"C. J. van Houten , I. van Houten-Groeneveld , T. Gehrels",THM,17.0
2257,"August 18, 1939",Turku,H. Alikoski,·,5.7
2258,"October 7, 1939",Turku,Y. Väisälä,·,26.0
2259,"July 19, 1971",Nauchnij,B. A. Burnasheva,·,17.0
2260,"November 26, 1975",Nanking,Purple Mountain,L4,76.0
2261,"April 20, 1977",Mount Hamilton,A. R. Klemola,PHO,7.3
2262,"September 10, 1978",Zimmerwald,P. Wild,·,8.8
2263,"October 30, 1978",Nanking,Purple Mountain,EOS · slow,27.0
2264,"December 16, 1979",Anderson Mesa,E. Bowell,THM,34.0
2265,"February 17, 1950",Uccle,S. J. Arend,·,12.0
2266,"November 12, 1974",Nauchnij,L. I. Chernykh,CYB,47.0
2267,"September 9, 1977",Harvard Observatory,Harvard Observatory,·,5.1
2268,"November 6, 1942",Turku,L. Oterma,KOR,13.0
2269,"May 2, 1976",Nauchnij,N. S. Chernykh,·,30.0
2270,"March 14, 1980",Anderson Mesa,E. Bowell,THM,26.0
2271,"October 22, 1976",Kiso,"H. Kosai , K. Furukawa",·,31.0
2272,"March 16, 1972",Palomar,T. Gehrels,H,5.3
2273,"March 6, 1975",Nauchnij,L. I. Chernykh,·,5.6
2274,"March 2, 1976",Kvistaberg,C.-I. Lagerkvist,·,7.7
2275,"June 16, 1979",La Silla,H.-E. Schuster,·,7.0
2276,"August 18, 1933",Uccle,E. Delporte,·,15.0
2277,"February 18, 1950",Uccle,S. J. Arend,·,12.0
2278,"April 7, 1953",Heidelberg,K. Reinmuth,·,12.0
2279,"February 25, 1968",Nauchnij,L. I. Chernykh,NYS,14.0
2280,"September 26, 1971",Nauchnij,T. M. Smirnova,moon,6.1
2281,"October 26, 1971",Hamburg-Bergedorf,L. Kohoutek,·,6.1
2282,"March 22, 1974",Cerro El Roble,C. Torres,·,6.0
2283,"September 26, 1974",Nauchnij,L. V. Zhuravleva,·,6.0
2284,"October 10, 1974",El Leoncito,Félix Aguilar Observatory,·,10.0
2285,"August 27, 1976",Palomar,S. J. Bus,·,4.4
2286,"July 14, 1977",Nauchnij,N. S. Chernykh,·,6.7
2287,"August 22, 1977",Nauchnij,N. S. Chernykh,·,6.9
2288,"October 19, 1979",Kleť,L. Brožek,·,19.0
2289,"September 24, 1960",Palomar,"C. J. van Houten , I. van Houten-Groeneveld , T. Gehrels",MIS,12.0
2290,"February 14, 1932",Heidelberg,K. Reinmuth,·,17.0
2291,"March 19, 1941",Turku,L. Oterma,·,41.0
2292,"September 7, 1942",Turku,Y. Väisälä,·,11.0
2293,"March 13, 1977",Nauchnij,N. S. Chernykh,THM,30.0
2294,"August 14, 1977",Nauchnij,N. S. Chernykh,·,15.0
2295,"August 19, 1977",Nauchnij,N. S. Chernykh,·,21.0
2296,"January 18, 1975",Nauchnij,L. I. Chernykh,THM,22.0
2297,"September 1, 1978",Nauchnij,N. S. Chernykh,THM,27.0
2298,"October 2, 1915",Heidelberg,M. F. Wolf,·,6.2
2299,"September 25, 1941",Turku,Y. Väisälä,(5),6.5
2300,"October 10, 1953",Brooklyn,Indiana University,KOR,12.0
2301,"November 20, 1965",Brooklyn,Indiana University,·,17.0
2302,"October 2, 1972",Nauchnij,N. E. Kuročkin,EUN,11.0
2303,"March 24, 1979",Zimmerwald,P. Wild,·,14.0
2304,"May 18, 1979",Kleť,A. Mrkos,EUN,12.0
2305,"September 12, 1980",Harvard Observatory,Harvard Observatory,·,13.0
2306,"August 15, 1939",Heidelberg,K. Reinmuth,PAD,19.0
2307,"April 18, 1957",La Plata Observatory,La Plata,·,40.0
2308,"May 6, 1967",El Leoncito,"C. U. Cesco , A. R. Klemola",·,18.0
2309,"August 16, 1971",El Leoncito,"Gibson, J.",EOS,20.0
2310,"September 26, 1974",Nauchnij,L. V. Zhuravleva,THM,26.0
2311,"October 10, 1974",El Leoncito,Félix Aguilar Observatory,CYB,53.0
2312,"April 1, 1976",Nauchnij,N. S. Chernykh,3:2,50.0
2313,"October 15, 1976",Anderson Mesa,H. L. Giclas,NYS,15.0
2314,"November 12, 1977",Harvard Observatory,Harvard Observatory,·,3.8
2315,"February 19, 1980",Kleť,Z. Vávrová,EOS,25.0
2316,"September 2, 1980",Anderson Mesa,E. Bowell,MAS,13.0
2317,"September 24, 1960",Palomar,"C. J. van Houten , I. van Houten-Groeneveld , T. Gehrels",·,7.1
2318,"September 24, 1960",Palomar,"C. J. van Houten, I. van Houten-Groeneveld, T. Gehrels",·,4.7
2319,"October 17, 1960",Palomar,"C. J. van Houten, I. van Houten-Groeneveld, T. Gehrels",KOR,11.0
2320,"August 29, 1979",Zimmerwald,P. Wild,·,36.0
2321,"February 19, 1980",Kleť,Z. Vávrová,·,22.0
2322,"October 28, 1954",Brooklyn,Indiana University,·,16.0
2323,"September 24, 1976",Nauchnij,N. S. Chernykh,·,22.0
2324,"November 7, 1978",Palomar,"E. F. Helin , S. J. Bus",THM,28.0
2325,"September 25, 1979",Kleť,A. Mrkos,THM,23.0
2326,"August 29, 1965",Brooklyn,Indiana University,BRA,43.0
2327,"October 13, 1969",Nauchnij,B. A. Burnasheva,·,5.4
2328,"April 19, 1972",Nauchnij,T. M. Smirnova,·,13.0
2329,"November 19, 1976",La Silla,H.-E. Schuster,APO + 1 km (0.62 mi),4.3
2330,"February 18, 1977",Kiso,"H. Kosai , K. Furukawa",·,33.0
2331,"March 12, 1936",Uccle,E. Delporte,·,5.7
2332,"April 4, 1940",Turku,L. Oterma,·,32.0
2333,"March 3, 1943",Turku,Y. Väisälä,ADE,23.0
2334,"April 27, 1962",Brooklyn,Indiana University,·,6.4
2335,"October 17, 1974",Palomar,E. F. Helin,·,6.4
2336,"November 26, 1975",Nanking,Purple Mountain,THM,22.0
2337,"October 22, 1976",Zimmerwald,P. Wild,EUN · moon,8.0
2338,"August 22, 1977",Nauchnij,N. S. Chernykh,KOR,11.0
2339,"September 24, 1960",Palomar,"C. J. van Houten , I. van Houten-Groeneveld , T. Gehrels",slow,7.3
2340,"October 22, 1976",Palomar,C. T. Kowal,ATE · PHA,0.3
2341,"December 16, 1976",Nauchnij,L. I. Chernykh,·,6.5
2342,"October 22, 1968",Nauchnij,T. M. Smirnova,THM,22.0
2343,"June 25, 1979",Siding Spring,"E. F. Helin , S. J. Bus",moon · fast,5.2
2344,"September 27, 1979",Nanking,Purple Mountain,·,16.0
2345,"July 25, 1974",Nauchnij,T. M. Smirnova,EOS,25.0
2346,"February 5, 1934",Heidelberg,K. Reinmuth,·,10.0
2347,"October 7, 1936",Flagstaff,H. L. Giclas,·,25.0
2348,"January 10, 1939",Belgrade,M. B. Protić,·,4.6
2349,"July 30, 1970",Nauchnij,T. M. Smirnova,·,19.0
2350,"February 6, 1938",Heidelberg,A. Bohrmann,·,5.8
2351,"November 3, 1964",Brooklyn,Indiana University,·,5.8
2352,"September 10, 1969",Nauchnij,L. I. Chernykh,·,30.0
2353,"October 27, 1975",Zimmerwald,P. Wild,·,13.0
2354,"August 9, 1978",Nauchnij,"L. I. Chernykh , N. S. Chernykh",·,13.0
2355,"October 30, 1978",Nanking,Purple Mountain,EOS,17.0
2356,"October 17, 1979",Anderson Mesa,E. Bowell,·,43.0
2357,"January 1, 1981",Anderson Mesa,E. Bowell,L5,95.0
2358,"September 2, 1929",Heidelberg,K. Reinmuth,EOS,19.0
2359,"October 5, 1931",Heidelberg,K. Reinmuth,·,6.1
2360,"November 2, 1975",Nauchnij,T. M. Smirnova,·,9.7
2361,"April 1, 1976",Nauchnij,N. S. Chernykh,THM,22.0
2362,"September 24, 1976",Nauchnij,N. S. Chernykh,·,4.3
2363,"October 4, 1977",Nanking,Purple Mountain,L5,96.0
2364,"April 14, 1978",La Silla,H. Debehogne,·,20.0
2365,"December 30, 1980",Kleť,Z. Vávrová,(5),15.0
2366,"January 10, 1981",Anderson Mesa,N. G. Thomas,·,4.5
2367,"January 8, 1981",Kleť,A. Mrkos,·,5.0
2368,"September 4, 1977",Zimmerwald,P. Wild,AMO + 1 km (0.62 mi),2.3
2369,"April 4, 1976",Nauchnij,N. S. Chernykh,·,10.0
2370,"June 10, 1965",El Leoncito,A. R. Klemola,·,15.0
2371,"November 2, 1975",Nauchnij,T. M. Smirnova,·,7.5
2372,"September 13, 1977",Nauchnij,N. S. Chernykh,THM,22.0
2373,"August 4, 1929",Heidelberg,M. F. Wolf,GEF,8.7
2374,"August 22, 1974",Nauchnij,L. V. Zhuravleva,·,26.0
2375,"January 8, 1975",Hamburg-Bergedorf,L. Kohoutek,·,33.0
2376,"August 22, 1977",Nauchnij,N. S. Chernykh,·,42.0
2377,"August 31, 1978",Nauchnij,N. S. Chernykh,KOR,10.0
2378,"February 13, 1935",Johannesburg,H. van Gent,·,40.0
2379,"September 21, 1941",Turku,Y. Väisälä,·,33.0
2380,"September 18, 1965",Nanking,Purple Mountain,·,6.5
2381,"January 3, 1976",El Leoncito,Félix Aguilar Observatory,EUN,13.0
2382,"April 13, 1977",Bickley,Perth Observatory,PAL,17.0
2383,"April 5, 1981",Anderson Mesa,E. Bowell,·,5.8
2384,"March 2, 1943",Nice,M. Laugier,EUN,11.0
2385,"November 11, 1969",Nauchnij,L. I. Chernykh,·,5.9
2386,"September 19, 1974",Nauchnij,L. I. Chernykh,GEF,12.0
2387,"March 17, 1975",Nanking,Purple Mountain,EOS,21.0
2388,"March 13, 1977",Nauchnij,N. S. Chernykh,·,6.5
2389,"August 19, 1977",Nauchnij,N. S. Chernykh,slow,5.8
2390,"August 14, 1980",Kleť,Z. Vávrová,·,23.0
2391,"January 9, 1957",Heidelberg,K. Reinmuth,NYS,18.0
2392,"June 25, 1979",Siding Spring,"E. F. Helin , S. J. Bus",·,10.0
2393,"November 17, 1955",Nice,M. Laugier,·,48.0
2394,"September 22, 1973",Nauchnij,N. S. Chernykh,·,23.0
2395,"March 17, 1977",Harvard Observatory,Harvard Observatory,·,20.0
2396,"February 9, 1981",Geisei,T. Seki,·,10.0
2397,"February 22, 1938",Turku,Y. Väisälä,·,16.0
2398,"October 24, 1965",Nanking,Purple Mountain,·,9.8
2399,"June 17, 1971",El Leoncito,C. U. Cesco,·,5.3
2400,"May 17, 1972",Nauchnij,T. M. Smirnova,EOS,14.0
2401,"November 2, 1975",Nauchnij,T. M. Smirnova,AGN,9.0
2402,"July 31, 1979",Nauchnij,N. S. Chernykh,·,7.4
2403,"September 25, 1979",Kleť,A. Mrkos,slow,9.7
2404,"October 1, 1980",Kleť,A. Mrkos,THM,23.0
2405,"October 18, 1963",Brooklyn,Indiana University,THM,22.0
2406,"August 20, 1966",Nauchnij,Crimean Astrophysical Observatory,·,5.7
2407,"February 27, 1973",Hamburg-Bergedorf,L. Kohoutek,·,22.0
2408,"August 31, 1978",Nauchnij,N. S. Chernykh,·,31.0
2409,"October 17, 1979",Anderson Mesa,E. Bowell,·,8.7
2410,"January 3, 1981",Anderson Mesa,E. Bowell,·,6.4
2411,"May 3, 1981",Anderson Mesa,E. Bowell,·,8.0
2412,"October 17, 1960",Palomar,"C. J. van Houten , I. van Houten-Groeneveld , T. Gehrels",·,12.0
2413,"September 24, 1960",Palomar,"C. J. van Houten, I. van Houten-Groeneveld, T. Gehrels",EOS · slow,21.0
2414,"October 18, 1931",Heidelberg,K. Reinmuth,URS,32.0
2415,"October 28, 1978",Anderson Mesa,H. L. Giclas,·,16.0
2416,"July 31, 1979",Nauchnij,N. S. Chernykh,EOS,15.0
2417,"February 15, 1964",Brooklyn,Indiana University,·,18.0
2418,"October 26, 1971",Hamburg-Bergedorf,L. Kohoutek,THM,12.0
2419,"September 19, 1974",Nauchnij,L. I. Chernykh,V,6.1
2420,"October 3, 1975",Nauchnij,N. S. Chernykh,·,8.4
2421,"October 17, 1979",Anderson Mesa,E. Bowell,·,40.0
2422,"April 28, 1968",Nauchnij,T. M. Smirnova,·,5.6
2423,"July 14, 1972",Nauchnij,L. V. Zhuravleva,slow,4.9
2424,"October 27, 1973",Tautenburg Observatory,"F. Börngen , Kirsch, K.",·,6.9
2425,"March 17, 1975",Nanking,Purple Mountain,EOS,19.0
2426,"May 26, 1976",Nauchnij,N. S. Chernykh,·,26.0
2427,"December 20, 1976",Nauchnij,N. S. Chernykh,MRX,8.0
2428,"September 11, 1977",Nauchnij,N. S. Chernykh,VER ·,24.0
2429,"October 12, 1977",Zimmerwald,P. Wild,MAR ·,12.0
2430,"November 8, 1977",Palomar,"E. F. Helin , E. M. Shoemaker",PHO · slow,12.0
2431,"August 8, 1978",Nauchnij,N. S. Chernykh,·,7.7
2432,"March 30, 1981",Anderson Mesa,E. Bowell,·,7.4
2433,"April 5, 1981",Anderson Mesa,E. Bowell,·,12.0
2434,"May 27, 1981",Lake Tekapo,"A. C. Gilmore , P. M. Kilmartin",·,17.0
2435,"September 24, 1960",Palomar,"C. J. van Houten , I. van Houten-Groeneveld , T. Gehrels",·,3.1
2436,"September 24, 1960",Palomar,"C. J. van Houten, I. van Houten-Groeneveld, T. Gehrels",HYG,19.0
2437,"September 14, 1942",Turku,M. Väisälä,·,6.7
2438,"November 2, 1975",Nauchnij,T. M. Smirnova,·,7.2
2439,"August 21, 1977",Nauchnij,N. S. Chernykh,THM,21.0
2440,"November 7, 1978",Palomar,"E. F. Helin , S. J. Bus",slow,6.6
2441,"June 25, 1979",Siding Spring,"E. F. Helin, S. J. Bus",·,9.9
2442,"October 3, 1980",Kleť,Z. Vávrová,·,8.3
2443,"January 24, 1906",Heidelberg,M. F. Wolf,EOS,32.0
2444,"February 5, 1934",Heidelberg,K. Reinmuth,·,30.0
2445,"October 3, 1935",Crimea-Simeis,P. F. Shajn,·,9.1
2446,"October 14, 1971",Nauchnij,L. I. Chernykh,·,13.0
2447,"August 31, 1973",Nauchnij,T. M. Smirnova,·,7.8
2448,"January 18, 1975",Nauchnij,L. I. Chernykh,·,39.0
2449,"April 8, 1978",Cerro Tololo,W. Liller,H · moon,3.7
2450,"September 1, 1978",Nauchnij,N. S. Chernykh,THM,22.0
2451,"September 2, 1980",Anderson Mesa,E. Bowell,·,12.0
2452,"March 30, 1981",Anderson Mesa,E. Bowell,·,12.0
2453,"September 30, 1921",Heidelberg,K. Reinmuth,EOS ·,19.0
2454,"September 21, 1941",Turku,Y. Väisälä,(883),4.9
2455,"October 5, 1950",Uccle,S. J. Arend,·,16.0
2456,"January 30, 1966",Nanking,Purple Mountain,L4,66.0
2457,"October 3, 1975",Nauchnij,L. I. Chernykh,·,15.0
2458,"September 11, 1977",Nauchnij,N. S. Chernykh,·,23.0
2459,"June 11, 1980",Palomar,C. S. Shoemaker,EOS ·,18.0
2460,"October 1, 1980",Socorro,"Taff, L. G., Beatty, D.",·,9.3
2461,"March 5, 1981",La Silla,"H. Debehogne , G. de Sanctis",THM,26.0
2462,"September 24, 1960",Palomar,"C. J. van Houten , I. van Houten-Groeneveld , T. Gehrels",NYS,4.7
2463,"March 10, 1934",Williams Bay,G. Van Biesbroeck,EUN,11.0
2464,"January 19, 1939",Turku,Y. Väisälä,·,22.0
2465,"August 2, 1949",Heidelberg,K. Reinmuth,·,22.0
2466,"September 7, 1959",Brooklyn,Indiana University,·,24.0
2467,"August 14, 1966",Nauchnij,L. I. Chernykh,·,8.1
2468,"October 8, 1969",Nauchnij,L. I. Chernykh,·,6.2
2469,"April 27, 1970",Nauchnij,T. M. Smirnova,·,13.0
2470,"October 22, 1976",Kiso,"H. Kosai , K. Furukawa",KOR,11.0
2471,"September 24, 1960",Palomar,"C. J. van Houten , I. van Houten-Groeneveld , T. Gehrels",EOS,16.0
2472,"February 27, 1973",Hamburg-Bergedorf,L. Kohoutek,·,3.5
2473,"September 12, 1977",Nauchnij,N. S. Chernykh,(883),4.9
2474,"August 14, 1979",Kleť,Z. Vávrová,·,24.0
2475,"October 8, 1972",Nauchnij,L. V. Zhuravleva,EOS,14.0
2476,"May 2, 1976",Nauchnij,N. S. Chernykh,EOS,21.0
2477,"August 14, 1977",Nauchnij,N. S. Chernykh,·,18.0
2478,"May 4, 1981",Tōkai,T. Furuta,moon,9.2
2479,"February 6, 1942",Turku,Y. Väisälä,·,6.4
2480,"December 16, 1976",Nauchnij,L. I. Chernykh,·,6.0
2481,"October 18, 1977",Zimmerwald,P. Wild,·,4.7
2482,"February 13, 1980",Harvard Observatory,Harvard Observatory,KOR,11.0
2483,"August 17, 1928",Heidelberg,M. F. Wolf,T j (2.98) · 3:2,36.0
2484,"October 7, 1928",Crimea-Simeis,G. N. Neujmin,·,6.3
2485,"January 29, 1932",Heidelberg,K. Reinmuth,·,14.0
2486,"March 22, 1939",Turku,Y. Väisälä,moon,7.9
2487,"September 8, 1940",Turku,H. Alikoski,NYS · slow,9.5
2488,"October 23, 1952",Brooklyn,Indiana University,·,4.4
2489,"July 11, 1975",Nauchnij,L. I. Chernykh,THM,21.0
2490,"January 3, 1976",El Leoncito,Félix Aguilar Observatory,EUN,12.0
2491,"February 15, 1977",Palomar,W. Sebok,H · moon,3.3
2492,"July 14, 1977",Nauchnij,N. S. Chernykh,THM,28.0
2493,"December 1, 1978",Harvard Observatory,Harvard Observatory,GEF,7.4
2494,"June 4, 1981",Anderson Mesa,E. Bowell,·,47.0
2495,"October 17, 1960",Palomar,"C. J. van Houten , I. van Houten-Groeneveld , T. Gehrels",H,1.7
2496,"October 8, 1953",Brooklyn,Indiana University,·,5.7
2497,"August 14, 1977",Nauchnij,N. S. Chernykh,·,7.2
2498,"August 23, 1977",Nauchnij,N. S. Chernykh,KOR,11.0
2499,"November 7, 1978",Palomar,"E. F. Helin , S. J. Bus",THM,16.0
2500,"April 2, 1926",Heidelberg,K. Reinmuth,moon,7.5
2501,"April 14, 1942",Turku,L. Oterma,·,10.0
2502,"March 3, 1943",Turku,Y. Väisälä,·,19.0
2503,"October 16, 1965",Nanking,Purple Mountain,·,6.7
2504,"May 6, 1967",El Leoncito,"C. U. Cesco , A. R. Klemola",·,11.0
2505,"October 31, 1975",Nanking,Purple Mountain,THM,22.0
2506,"August 26, 1976",Nauchnij,N. S. Chernykh,KOR,11.0
2507,"November 18, 1976",El Leoncito,Félix Aguilar Observatory,·,16.0
2508,"March 13, 1977",Nauchnij,N. S. Chernykh,V,4.9
2509,"July 14, 1977",Nauchnij,N. S. Chernykh,NYS,17.0
2510,"October 10, 1979",Nanking,Purple Mountain,·,9.1
2511,"June 11, 1980",Palomar,C. S. Shoemaker,·,7.8
2512,"April 3, 1940",Turku,Y. Väisälä,(883),7.5
2513,"September 19, 1950",Uccle,S. J. Arend,·,5.1
2514,"October 8, 1964",Nanking,Purple Mountain,·,8.8
2515,"October 9, 1964",Nanking,Purple Mountain,·,20.0
2516,"November 6, 1964",Brooklyn,Indiana University,moon,4.4
2517,"September 28, 1968",Zimmerwald,P. Wild,THM,20.0
2518,"March 22, 1974",Cerro El Roble,C. Torres,·,3.2
2519,"November 2, 1975",Nauchnij,T. M. Smirnova,THM,21.0
2520,"August 26, 1976",Nauchnij,N. S. Chernykh,·,30.0
2521,"February 28, 1979",Zimmerwald,P. Wild,GEF,10.0
2522,"August 6, 1980",Kleť,Z. Vávrová,EOS,17.0
2523,"August 6, 1980",Kleť,Z. Vávrová,EOS,17.0
2524,"August 28, 1981",Kleť,Z. Vávrová,THM,33.0
2525,"November 2, 1981",Anderson Mesa,B. A. Skiff,THM ·,30.0
2526,"May 19, 1979",La Silla,R. M. West,·,15.0
2527,"September 3, 1981",Anderson Mesa,N. G. Thomas,·,13.0
2528,"October 8, 1953",Brooklyn,Indiana University,THM,19.0
2529,"August 21, 1977",Nauchnij,N. S. Chernykh,·,8.2
2530,"July 9, 1978",Nauchnij,L. I. Chernykh,EOS · fast,12.0
2531,"June 11, 1980",Anderson Mesa,E. Bowell,EOS,22.0
2532,"October 9, 1980",Palomar,C. S. Shoemaker,·,7.0
2533,"November 3, 1905",Heidelberg,M. F. Wolf,THM,21.0
2534,"November 2, 1931",Uccle,E. Delporte,THM,31.0
2535,"February 17, 1939",Turku,Y. Väisälä,moon,7.1
2536,"August 15, 1939",Crimea-Simeis,G. N. Neujmin,·,8.0
2537,"September 4, 1951",Heidelberg,K. Reinmuth,EUN,7.2
2538,"October 30, 1954",Uccle,S. J. Arend,·,5.5
2539,"October 8, 1964",Nanking,Purple Mountain,·,3.6
2540,"October 13, 1971",Nauchnij,L. I. Chernykh,·,5.7
2541,"February 27, 1973",Hamburg-Bergedorf,L. Kohoutek,KOR,10.0
2542,"February 11, 1980",Anderson Mesa,E. Bowell,·,21.0
2543,"June 1, 1980",La Silla,H. Debehogne,·,14.0
2544,"August 6, 1980",Kleť,Z. Vávrová,PHO,9.3
2545,"January 26, 1933",Uccle,E. Delporte,·,6.9
2546,"March 23, 1950",Johannesburg,E. L. Johnson,slow,14.0
2547,"October 9, 1964",Nanking,Purple Mountain,V,4.1
2548,"February 16, 1975",El Leoncito,Félix Aguilar Observatory,·,10.0
2549,"October 23, 1976",Harvard Observatory,Harvard Observatory,THM,17.0
2550,"October 21, 1976",El Leoncito,Félix Aguilar Observatory,·,22.0
2551,"December 16, 1976",Nauchnij,L. I. Chernykh,THM,16.0
2552,"September 24, 1978",Kleť,A. Mrkos,·,4.5
2553,"March 29, 1979",Nauchnij,N. S. Chernykh,·,14.0
2554,"July 17, 1980",Anderson Mesa,E. Bowell,(2076) · slow,6.0
2555,"July 17, 1980",Anderson Mesa,E. Bowell,KOR,10.0
2556,"February 8, 1981",Anderson Mesa,N. G. Thomas,·,6.2
2557,"September 26, 1981",Anderson Mesa,"B. A. Skiff , N. G. Thomas",·,7.5
2558,"September 26, 1981",Anderson Mesa,N. G. Thomas,·,5.0
2559,"October 23, 1981",Kleť,A. Mrkos,·,21.0
2560,"February 14, 1932",Heidelberg,K. Reinmuth,PAD,18.0
2561,"October 8, 1969",Nauchnij,L. I. Chernykh,NYS,12.0
2562,"March 27, 1973",Nauchnij,L. V. Zhuravleva,EOS,16.0
2563,"March 22, 1977",Nauchnij,N. S. Chernykh,THM,24.0
2564,"August 19, 1977",Nauchnij,N. S. Chernykh,·,6.2
2565,"October 12, 1977",Zimmerwald,P. Wild,NYS · fast,5.4
2566,"March 29, 1979",Nauchnij,N. S. Chernykh,·,7.8
2567,"May 19, 1979",La Silla,"Pizarro, O., G. Pizarro",·,16.0
2568,"April 13, 1980",Kleť,Z. Vávrová,·,4.6
2569,"June 18, 1980",Anderson Mesa,E. Bowell,·,26.0
2570,"August 6, 1980",Anderson Mesa,E. Bowell,·,25.0
2571,"October 23, 1981",Geisei,T. Seki,·,6.6
2572,"February 17, 1950",Heidelberg,K. Reinmuth,·,3.4
2573,"March 10, 1953",Turku,H. Alikoski,·,20.0
2574,"October 22, 1968",Nauchnij,T. M. Smirnova,KOR,13.0
2575,"August 4, 1970",Nauchnij,T. M. Smirnova,·,6.4
2576,"August 17, 1974",Nauchnij,L. V. Zhuravleva,slow,28.0
2577,"March 12, 1975",Nauchnij,N. S. Chernykh,H · moon,5.7
2578,"November 2, 1975",Nauchnij,T. M. Smirnova,EOS,17.0
2579,"August 14, 1977",Nauchnij,N. S. Chernykh,·,4.6
2580,"August 18, 1977",Nauchnij,N. S. Chernykh,slow,7.2
2581,"November 11, 1980",Kleť,Z. Vávrová,·,6.7
2582,"September 26, 1981",Geisei,T. Seki,·,29.0
2583,"December 3, 1975",Nauchnij,T. M. Smirnova,·,5.7
2584,"March 23, 1979",Nauchnij,N. S. Chernykh,·,6.2
2585,"July 21, 1979",Nauchnij,N. S. Chernykh,slow,6.0
2586,"June 11, 1980",Palomar,C. S. Shoemaker,·,6.5
2587,"July 17, 1980",Anderson Mesa,E. Bowell,THM ·,21.0
2588,"November 2, 1981",Anderson Mesa,B. A. Skiff,·,6.2
2589,"August 22, 1979",La Silla,C.-I. Lagerkvist,KOR,9.4
2590,"May 22, 1980",La Silla,H. Debehogne,V,7.9
2591,"August 2, 1949",Heidelberg,K. Reinmuth,KOR,13.0
2592,"January 30, 1966",Nanking,Purple Mountain,THM,19.0
2593,"April 2, 1976",Nauchnij,N. S. Chernykh,·,3.9
2594,"October 4, 1978",Palomar,C. T. Kowal,L5,26.0
2595,"May 19, 1979",La Silla,R. M. West,GEF,14.0
2596,"May 19, 1979",La Silla,R. M. West,·,11.0
2597,"August 8, 1980",Anderson Mesa,E. Bowell,·,10.0
2598,"September 7, 1980",Anderson Mesa,E. Bowell,DOR,16.0
2599,"September 29, 1980",Kleť,Z. Vávrová,·,13.0
2600,"November 9, 1980",Anderson Mesa,E. Bowell,EOS,15.0
2601,"December 8, 1980",Bologna,San Vittore,·,12.0
2602,"January 24, 1982",Anderson Mesa,E. Bowell,moon,10.0
2603,"January 30, 1982",Anderson Mesa,E. Bowell,·,18.0
2604,"June 13, 1972",Nauchnij,T. M. Smirnova,PHO,15.0
2605,"August 16, 1974",El Leoncito,Félix Aguilar Observatory,EOS,12.0
2606,"April 1, 1976",Nauchnij,N. S. Chernykh,·,16.0
2607,"July 14, 1977",Nauchnij,N. S. Chernykh,NYS · moon,4.7
2608,"February 17, 1978",La Silla,H.-E. Schuster,AMO + 1 km (0.62 mi) · (887),0.9
2609,"August 9, 1978",Nauchnij,"N. S. Chernykh , L. I. Chernykh",·,5.6
2610,"September 5, 1978",Nauchnij,N. S. Chernykh,·,5.6
2611,"November 7, 1978",Palomar,"E. F. Helin , S. J. Bus",·,20.0
2612,"February 28, 1979",Anderson Mesa,N. G. Thomas,·,25.0
2613,"August 30, 1979",Kleť,L. Brožek,·,28.0
2614,"June 11, 1980",Palomar,C. S. Shoemaker,·,8.0
2615,"September 4, 1951",Heidelberg,K. Reinmuth,HYG,16.0
2616,"August 28, 1970",Nauchnij,T. M. Smirnova,·,8.5
2617,"November 26, 1975",Nanking,Purple Mountain,·,49.0
2618,"June 25, 1979",Siding Spring,"E. F. Helin , S. J. Bus",EOS,12.0
2619,"June 25, 1979",Siding Spring,"E. F. Helin, S. J. Bus",·,10.0
2620,"October 3, 1980",Kleť,Z. Vávrová,KOR,9.3
2621,"February 9, 1981",Geisei,T. Seki,·,45.0
2622,"February 9, 1981",Kleť,L. Brožek,EOS,14.0
2623,"September 22, 1919",Heidelberg,K. Reinmuth,moon,5.6
2624,"September 7, 1962",Brooklyn,Indiana University,3:2,40.0
2625,"May 2, 1976",Nauchnij,N. S. Chernykh,·,5.7
2626,"August 8, 1978",Nauchnij,N. S. Chernykh,KOR,12.0
2627,"August 8, 1978",Nauchnij,N. S. Chernykh,THM,20.0
2628,"June 25, 1979",Siding Spring,"E. F. Helin , S. J. Bus",·,10.0
2629,"September 13, 1980",Palomar,C. T. Kowal,slow,4.7
2630,"October 14, 1980",Haute-Provence,Haute Provence,·,25.0
2631,"October 7, 1980",Nanking,Purple Mountain,GEF,11.0
2632,"November 6, 1980",Nanking,Purple Mountain,EOS,32.0
2633,"November 24, 1981",Anderson Mesa,E. Bowell,·,7.0
2634,"February 21, 1982",Anderson Mesa,E. Bowell,CYB,34.0
2635,"February 21, 1982",Anderson Mesa,E. Bowell,moon,8.5
2636,"February 20, 1982",Anderson Mesa,E. Bowell,·,14.0
2637,"September 22, 1919",Heidelberg,K. Reinmuth,·,6.2
2638,"September 19, 1939",Turku,Y. Väisälä,MAR,12.0
2639,"April 9, 1940",Turku,Y. Väisälä,·,9.5
2640,"March 18, 1941",Turku,L. Oterma,·,10.0
2641,"April 4, 1949",Brooklyn,Indiana University,·,8.1
2642,"September 14, 1961",Uccle,S. J. Arend,PHO ·,7.4
2643,"September 19, 1973",Palomar,T. Gehrels,PHO,4.0
2644,"September 22, 1973",Nauchnij,N. S. Chernykh,·,5.9
2645,"August 30, 1976",Palomar,E. F. Helin,PHO,16.0
2646,"March 13, 1977",Nauchnij,N. S. Chernykh,EOS,17.0
2647,"September 29, 1980",Kleť,Z. Vávrová,·,7.6
2648,"November 8, 1980",Anderson Mesa,E. Bowell,·,5.9
2649,"November 29, 1980",Anderson Mesa,E. Bowell,EUN,11.0
2650,"March 14, 1931",Heidelberg,M. F. Wolf,·,13.0
2651,"August 28, 1949",Johannesburg,E. L. Johnson,·,24.0
2652,"April 7, 1953",Heidelberg,K. Reinmuth,·,7.2
2653,"November 4, 1964",Brooklyn,Indiana University,·,9.9
2654,"July 18, 1968",Cerro El Roble,"C. Torres , Cofre, S.",·,16.0
2655,"December 14, 1974",Nanking,Purple Mountain,·,30.0
2656,"April 25, 1979",Nauchnij,N. S. Chernykh,·,6.1
2657,"September 23, 1979",Nauchnij,N. S. Chernykh,THM,21.0
2658,"February 13, 1980",Harvard Observatory,Harvard Observatory,·,12.0
2659,"May 5, 1981",Anderson Mesa,E. Bowell,THM,28.0
2660,"March 21, 1982",Anderson Mesa,E. Bowell,EUN · slow,9.2
2661,"March 23, 1982",Kleť,Z. Vávrová,EOS,20.0
2662,"September 24, 1960",Palomar,"C. J. van Houten , I. van Houten-Groeneveld , T. Gehrels",·,11.0
2663,"September 24, 1960",Palomar,"C. J. van Houten, I. van Houten-Groeneveld, T. Gehrels",·,4.7
2664,"September 7, 1934",Heidelberg,K. Reinmuth,·,11.0
2665,"February 24, 1938",Heidelberg,A. Bohrmann,·,6.0
2666,"October 8, 1951",Uccle,S. J. Arend,·,30.0
2667,"October 30, 1967",Hamburg-Bergedorf,L. Kohoutek,THM,21.0
2668,"August 26, 1976",Nauchnij,N. S. Chernykh,·,5.4
2669,"December 16, 1976",Nauchnij,L. I. Chernykh,·,16.0
2670,"August 14, 1977",Nauchnij,N. S. Chernykh,EOS,21.0
2671,"August 21, 1977",Nauchnij,N. S. Chernykh,·,9.5
2672,"May 31, 1979",Kleť,"Kveton, J.",EUN · slow ·,23.0
2673,"May 22, 1980",La Silla,H. Debehogne,THM,15.0
2674,"January 27, 1982",Harvard Observatory,Oak Ridge Observatory,L5,74.0
2675,"April 14, 1982",Anderson Mesa,"Watt, M.",slow,11.0
2676,"August 25, 1933",Heidelberg,K. Reinmuth,·,8.0
2677,"March 25, 1935",Nice,M. Laugier,EOS,18.0
2678,"February 24, 1938",Turku,Y. Väisälä,·,8.4
2679,"October 7, 1939",Turku,Y. Väisälä,·,10.0
2680,"July 1, 1975",El Leoncito,Félix Aguilar Observatory,NYS · moon,6.5
2681,"November 2, 1975",Nauchnij,T. M. Smirnova,·,13.0
2682,"June 25, 1979",Siding Spring,"E. F. Helin , S. J. Bus",(1338) ( FLO ),5.3
2683,"January 10, 1981",Anderson Mesa,N. G. Thomas,KOR,11.0
2684,"January 3, 1981",Anderson Mesa,N. G. Thomas,EOS,16.0
2685,"May 3, 1981",Anderson Mesa,E. Bowell,EUN,11.0
2686,"May 5, 1981",Palomar,C. S. Shoemaker,EOS,16.0
2687,"April 18, 1982",Anderson Mesa,"Watt, M.",·,14.0
2688,"April 25, 1982",Anderson Mesa,E. Bowell,THM,22.0
2689,"February 3, 1935",Uccle,S. J. Arend,slow,6.6
2690,"February 24, 1938",Turku,Y. Väisälä,EOS,18.0
2691,"May 18, 1974",El Leoncito,Félix Aguilar Observatory,moon,5.4
2692,"December 16, 1976",Nauchnij,L. I. Chernykh,·,16.0
2693,"November 3, 1977",Nanking,Purple Mountain,·,7.0
2694,"August 22, 1979",La Silla,C.-I. Lagerkvist,·,5.6
2695,"October 17, 1979",Anderson Mesa,E. Bowell,·,15.0
2696,"April 16, 1980",Kleť,L. Brožek,PHO · slow,25.0
2697,"October 9, 1969",Nauchnij,B. A. Burnasheva,CYB,52.0
2698,"October 11, 1971",Nauchnij,Crimean Astrophysical Observatory,·,15.0
2699,"December 16, 1976",Nauchnij,L. I. Chernykh,·,13.0
2700,"December 20, 1976",Nauchnij,N. S. Chernykh,KOR,12.0
2701,"September 1, 1978",Nauchnij,N. S. Chernykh,·,15.0
2702,"September 26, 1978",Nauchnij,L. V. Zhuravleva,CYB,25.0
2703,"March 29, 1979",Nauchnij,N. S. Chernykh,·,5.3
2704,"June 25, 1979",Siding Spring,"E. F. Helin , S. J. Bus",·,5.2
2705,"October 9, 1980",Palomar,C. S. Shoemaker,slow,5.9
2706,"November 11, 1980",Kleť,Z. Vávrová,EOS,15.0
2707,"August 28, 1981",La Silla,H. Debehogne,·,26.0
2708,"November 24, 1981",Anderson Mesa,E. Bowell,THM,20.0
2709,"March 21, 1982",Anderson Mesa,E. Bowell,·,6.6
2710,"March 23, 1982",Anderson Mesa,E. Bowell,NYS,8.6
2711,"August 31, 1978",Nauchnij,N. S. Chernykh,EOS,14.0
2712,"December 29, 1937",Konkoly,G. Kulin,·,5.7
2713,"February 19, 1938",Uccle,E. Delporte,KOR,15.0
2714,"April 5, 1938",Turku,H. Alikoski,·,7.1
2715,"October 22, 1938",Turku,Y. Väisälä,·,13.0
2716,"October 7, 1939",Turku,Y. Väisälä,·,5.2
2717,"November 29, 1940",Turku,L. Oterma,·,9.0
2718,"July 30, 1951",Johannesburg,E. L. Johnson,THM,25.0
2719,"September 22, 1965",Nanking,Purple Mountain,·,6.8
2720,"September 6, 1972",Nauchnij,L. V. Zhuravleva,·,8.9
2721,"September 22, 1973",Nauchnij,N. S. Chernykh,THM,18.0
2722,"April 1, 1976",Nauchnij,N. S. Chernykh,THM,19.0
2723,"August 31, 1978",Nauchnij,N. S. Chernykh,THM,13.0
2724,"September 13, 1978",Nauchnij,N. S. Chernykh,·,21.0
2725,"November 7, 1978",Palomar,"E. F. Helin , S. J. Bus",·,37.0
2726,"September 22, 1979",Nauchnij,N. S. Chernykh,KOR,11.0
2727,"September 22, 1979",Nauchnij,N. S. Chernykh,·,9.1
2728,"September 22, 1979",Nauchnij,N. S. Chernykh,·,15.0
2729,"October 18, 1979",Nanking,Purple Mountain,KOR,15.0
2730,"August 30, 1981",Anderson Mesa,E. Bowell,·,16.0
2731,"May 21, 1982",Zimmerwald,P. Wild,·,45.0
2732,"March 19, 1926",Heidelberg,M. F. Wolf,·,11.0
2733,"February 22, 1938",Turku,Y. Väisälä,·,7.4
2734,"April 1, 1976",Nauchnij,N. S. Chernykh,·,25.0
2735,"September 13, 1977",Palomar,"S. J. Bus , T. Lauer",H · slow,3.5
2736,"July 23, 1979",Anderson Mesa,E. Bowell,·,4.0
2737,"February 22, 1938",Turku,Y. Väisälä,·,13.0
2738,"March 12, 1940",Konkoly,G. Kulin,·,10.0
2739,"October 17, 1952",Mount Wilson,J. L. Brady,·,11.0
2740,"September 26, 1974",Nauchnij,L. V. Zhuravleva,EOS,18.0
2741,"December 1, 1975",Cerro El Roble,"C. Torres , Barros, S.",·,12.0
2742,"May 6, 1981",Palomar,C. S. Shoemaker,KOR,11.0
2743,"November 21, 1965",Nanking,Purple Mountain,EUN,9.0
2744,"September 4, 1975",Kvistaberg,C.-I. Lagerkvist,·,3.4
2745,"September 25, 1976",El Leoncito,Félix Aguilar Observatory,PHO,5.2
2746,"September 22, 1979",Nauchnij,N. S. Chernykh,·,5.2
2747,"February 19, 1980",Kleť,A. Mrkos,slow,30.0
2748,"May 5, 1981",Palomar,C. S. Shoemaker,·,8.5
2749,"October 11, 1937",Heidelberg,K. Reinmuth,THM,14.0
2750,"December 30, 1940",Turku,Y. Väisälä,slow,4.9
2751,"September 7, 1962",Brooklyn,Indiana University,NYS,6.9
2752,"September 20, 1965",Nanking,Purple Mountain,EOS,15.0
2753,"February 18, 1966",Brooklyn,Indiana University,·,19.0
2754,"August 13, 1966",Nauchnij,T. M. Smirnova,moon,5.2
2755,"September 26, 1973",Nauchnij,L. I. Chernykh,·,12.0
2756,"September 19, 1974",Nauchnij,L. I. Chernykh,·,5.3
2757,"November 11, 1977",Cerro El Roble,"Barros, S.",THM,20.0
2758,"September 1, 1978",Nauchnij,N. S. Chernykh,·,10.0
2759,"April 14, 1980",Anderson Mesa,E. Bowell,L4 · slow,54.0
2760,"October 8, 1980",Nauchnij,L. V. Zhuravleva,T j (2.99) · 3:2,58.0
2761,"January 1, 1981",Anderson Mesa,E. Bowell,·,16.0
2762,"January 14, 1981",Anderson Mesa,E. Bowell,·,4.5
2763,"July 24, 1982",Anderson Mesa,E. Bowell,·,7.5
2764,"February 8, 1981",Anderson Mesa,N. G. Thomas,·,5.3
2765,"March 4, 1981",La Silla,"H. Debehogne , G. de Sanctis",·,24.0
2766,"March 23, 1982",Kleť,Z. Vávrová,(5),7.1
2767,"October 30, 1967",Hamburg-Bergedorf,L. Kohoutek,EOS,14.0
2768,"September 6, 1972",Nauchnij,L. V. Zhuravleva,(883),8.9
2769,"April 1, 1976",Nauchnij,N. S. Chernykh,THM,14.0
2770,"September 19, 1977",Nauchnij,N. S. Chernykh,·,7.2
2771,"September 26, 1978",Nauchnij,L. V. Zhuravleva,·,11.0
2772,"December 14, 1979",Anderson Mesa,E. Bowell,slow,9.6
2773,"May 6, 1981",Palomar,C. S. Shoemaker,·,13.0
2774,"October 3, 1942",Turku,L. Oterma,·,36.0
2775,"October 14, 1953",Brooklyn,Indiana University,NYS,4.9
2776,"September 25, 1976",Nauchnij,N. S. Chernykh,slow,19.0
2777,"September 24, 1979",Nauchnij,N. S. Chernykh,slow,6.4
2778,"December 14, 1979",Nanking,Purple Mountain,·,13.0
2779,"February 6, 1981",Anderson Mesa,N. G. Thomas,·,6.3
2780,"February 28, 1981",Siding Spring,S. J. Bus,·,4.8
2781,"August 19, 1982",Kleť,Z. Vávrová,THM,21.0
2782,"September 24, 1960",Palomar,"C. J. van Houten , I. van Houten-Groeneveld , T. Gehrels",LEO,11.0
2783,"September 14, 1974",Nauchnij,N. S. Chernykh,·,6.2
2784,"April 15, 1975",Cerro El Roble,C. Torres,·,7.4
2785,"August 31, 1978",Nauchnij,N. S. Chernykh,KOR,9.4
2786,"September 6, 1978",Nauchnij,N. S. Chernykh,EUN,10.0
2787,"September 13, 1978",Nauchnij,N. S. Chernykh,EOS,20.0
2788,"March 1, 1981",La Silla,"H. Debehogne , G. de Sanctis",·,6.9
2789,"December 6, 1956",Nanking,Purple Mountain,·,4.8
2790,"October 19, 1965",Nanking,Purple Mountain,EUN,7.9
2791,"February 13, 1977",Palomar,S. J. Bus,PHO,8.4
2792,"March 13, 1977",Nauchnij,N. S. Chernykh,slow,12.0
2793,"August 19, 1977",Nauchnij,N. S. Chernykh,·,27.0
2794,"August 8, 1978",Nauchnij,N. S. Chernykh,·,7.3
2795,"December 16, 1979",La Silla,"H. Debehogne , Netto, E. R.",·,5.9
2796,"March 13, 1980",Anderson Mesa,E. Bowell,EUN,8.6
2797,"June 4, 1981",Anderson Mesa,E. Bowell,L4,89.0
2798,"September 24, 1960",Palomar,"C. J. van Houten , I. van Houten-Groeneveld , T. Gehrels",·,4.8
2799,"September 25, 1960",Palomar,"C. J. van Houten, I. van Houten-Groeneveld, T. Gehrels",V,3.3
2800,"September 24, 1960",Palomar,"C. J. van Houten, I. van Houten-Groeneveld, T. Gehrels",THM,15.0
2801,"September 28, 1935",Johannesburg,H. van Gent,GEF,12.0
2802,"January 19, 1939",Turku,Y. Väisälä,·,19.0
2803,"November 29, 1940",Turku,L. Oterma,THM,21.0
2804,"April 19, 1941",Turku,L. Oterma,EOS,18.0
2805,"October 15, 1941",Turku,L. Oterma,·,17.0
2806,"April 7, 1953",Heidelberg,K. Reinmuth,·,13.0
2807,"October 15, 1969",Nauchnij,L. I. Chernykh,DOR,17.0
2808,"April 23, 1976",El Leoncito,Félix Aguilar Observatory,EOS · slow,15.0
2809,"August 31, 1978",Nauchnij,N. S. Chernykh,NYS,12.0
2810,"September 13, 1978",Nauchnij,N. S. Chernykh,EUN,7.9
2811,"May 10, 1980",Kleť,A. Mrkos,KOR,12.0
2812,"March 30, 1981",Anderson Mesa,E. Bowell,·,6.0
2813,"November 24, 1981",Anderson Mesa,E. Bowell,·,32.0
2814,"March 18, 1982",La Silla,H. Debehogne,KOR,9.9
2815,"September 15, 1982",Anderson Mesa,E. Bowell,moon,6.6
2816,"September 22, 1982",Anderson Mesa,E. Bowell,·,28.0
2817,"October 17, 1982",Anderson Mesa,E. Bowell,·,10.0
2818,"September 24, 1960",Palomar,"C. J. van Houten , I. van Houten-Groeneveld , T. Gehrels",NYS,3.9
2819,"October 20, 1933",Uccle,E. Delporte,slow,9.7
2820,"September 8, 1942",Turku,Y. Väisälä,·,6.8
2821,"September 24, 1978",Kleť,Z. Vávrová,·,3.9
2822,"March 14, 1980",Anderson Mesa,E. Bowell,EUN,8.7
2823,"September 24, 1960",Palomar,"C. J. van Houten , I. van Houten-Groeneveld , T. Gehrels",·,5.4
2824,"February 4, 1934",Heidelberg,K. Reinmuth,·,7.9
2825,"September 19, 1938",Johannesburg,C. Jackson,moon,5.1
2826,"October 18, 1939",Turku,Y. Väisälä,(1118),40.0
2827,"February 11, 1942",Turku,L. Oterma,·,9.3
2828,"February 18, 1942",Turku,L. Oterma,·,7.3
2829,"August 9, 1948",Johannesburg,E. L. Johnson,·,41.0
2830,"April 14, 1980",Anderson Mesa,E. Bowell,PHO,7.9
2831,"September 17, 1930",Johannesburg,H. van Gent,slow,5.5
2832,"March 6, 1975",Nauchnij,N. S. Chernykh,·,6.1
2833,"August 9, 1978",Nauchnij,"L. I. Chernykh , N. S. Chernykh",KOR,10.0
2834,"October 9, 1980",Palomar,C. S. Shoemaker,·,11.0
2835,"November 20, 1982",Geisei,T. Seki,·,24.0
2836,"December 22, 1978",Nauchnij,N. S. Chernykh,EOS,19.0
2837,"October 13, 1971",Nauchnij,L. I. Chernykh,KOR,12.0
2838,"October 26, 1971",Hamburg-Bergedorf,L. Kohoutek,·,3.8
2839,"October 5, 1929",Flagstaff,C. W. Tombaugh,·,7.3
2840,"October 15, 1941",Turku,L. Oterma,slow,7.7
2841,"February 26, 1943",Turku,L. Oterma,·,6.3
2842,"July 25, 1950",Brooklyn,Indiana University,EUN,14.0
2843,"December 7, 1975",Zimmerwald,P. Wild,slow,7.6
2844,"May 3, 1981",Anderson Mesa,E. Bowell,slow,6.3
2845,"July 26, 1981",Anderson Mesa,E. Bowell,slow,5.4
2846,"February 12, 1942",Turku,L. Oterma,·,28.0
2847,"February 1, 1959",Flagstaff,Lowell Observatory,moon,6.9
2848,"November 8, 1959",Brooklyn,Indiana University,THM,26.0
2849,"April 1, 1976",Nauchnij,N. S. Chernykh,·,14.0
2850,"October 2, 1978",Nauchnij,L. V. Zhuravleva,·,7.0
2851,"October 30, 1978",Nanking,Purple Mountain,·,8.8
2852,"August 23, 1981",La Silla,H. Debehogne,AST,13.0
2853,"September 14, 1963",Brooklyn,Indiana University,·,7.0
2854,"May 6, 1964",Córdoba,"McLeish, D.",·,7.2
2855,"October 10, 1931",Heidelberg,K. Reinmuth,·,9.0
2856,"April 14, 1933",Heidelberg,K. Reinmuth,EOS,24.0
2857,"February 17, 1942",Turku,L. Oterma,·,9.3
2858,"December 1, 1975",Cerro El Roble,"C. Torres , Barros, S.",BAP,4.4
2859,"September 5, 1978",Nauchnij,N. S. Chernykh,·,4.3
2860,"October 8, 1978",Palomar,E. F. Helin,PHO · moon,6.8
2861,"November 3, 1981",Tautenburg Observatory,"F. Börngen , Kirsch, K.",slow,17.0
2862,"May 15, 1977",Nauchnij,N. S. Chernykh,slow,6.0
2863,"August 30, 1981",Anderson Mesa,E. Bowell,THM,18.0
2864,"January 12, 1983",Anderson Mesa,B. A. Skiff,·,16.0
2865,"July 31, 1935",Johannesburg,C. Jackson,MAR,25.0
2866,"October 7, 1961",Uccle,S. J. Arend,·,11.0
2867,"November 4, 1969",Nauchnij,N. S. Chernykh,·,5.2
2868,"October 30, 1972",Zimmerwald,P. Wild,·,12.0
2869,"September 7, 1980",Nauchnij,N. S. Chernykh,EUN · slow,8.6
2870,"June 4, 1981",Anderson Mesa,E. Bowell,slow,15.0
2871,"August 30, 1981",Anderson Mesa,E. Bowell,moon,6.8
2872,"September 5, 1981",Harvard Observatory,Oak Ridge Observatory,·,14.0
2873,"March 28, 1982",Anderson Mesa,E. Bowell,moon,6.4
2874,"October 13, 1982",Anderson Mesa,E. Bowell,slow,6.6
2875,"February 11, 1983",Anderson Mesa,E. Bowell,GEF,9.5
2876,"September 24, 1960",Palomar,"C. J. van Houten , I. van Houten-Groeneveld , T. Gehrels",·,6.8
2877,"October 8, 1969",Nauchnij,L. I. Chernykh,THM,20.0
2878,"September 7, 1980",Anderson Mesa,E. Bowell,EOS,16.0
2879,"February 14, 1932",Heidelberg,K. Reinmuth,·,22.0
2880,"February 8, 1983",Geisei,T. Seki,·,7.1
2881,"January 12, 1983",Anderson Mesa,B. A. Skiff,·,5.7
2882,"July 26, 1981",Anderson Mesa,E. Bowell,THM,22.0
2883,"September 13, 1978",Nauchnij,N. S. Chernykh,moon,4.9
2884,"March 2, 1981",Siding Spring,S. J. Bus,THM,20.0
2885,"October 7, 1939",Turku,Y. Väisälä,·,4.3
2886,"December 20, 1965",Nanking,Purple Mountain,·,5.8
2887,"August 22, 1977",Nauchnij,N. S. Chernykh,·,6.2
2888,"October 13, 1982",Anderson Mesa,E. Bowell,·,5.4
2889,"November 17, 1981",Kleť,A. Mrkos,EOS,17.0
2890,"September 26, 1978",Nauchnij,L. V. Zhuravleva,·,8.0
2891,"June 18, 1980",Palomar,C. S. Shoemaker,CYB · slow,35.0
2892,"January 13, 1983",Nauchnij,L. G. Karachkina,·,69.0
2893,"August 30, 1975",El Leoncito,Félix Aguilar Observatory,L5,87.0
2894,"September 27, 1978",Nauchnij,L. I. Chernykh,THM ·,13.0
2895,"January 10, 1981",Anderson Mesa,N. G. Thomas,L5,57.0
2896,"September 15, 1931",Heidelberg,K. Reinmuth,·,7.1
2897,"February 5, 1932",Heidelberg,K. Reinmuth,·,5.2
2898,"February 20, 1938",Turku,Y. Väisälä,·,11.0
2899,"October 8, 1964",Nanking,Purple Mountain,·,4.8
2900,"January 14, 1972",Hamburg-Bergedorf,L. Kohoutek,EOS,13.0
2901,"February 27, 1973",Hamburg-Bergedorf,L. Kohoutek,KOR,10.0
2902,"March 16, 1980",La Silla,C.-I. Lagerkvist,·,4.1
2903,"October 23, 1981",Nanking,Purple Mountain,MAR,14.0
2904,"December 20, 1981",Anderson Mesa,E. Bowell,·,15.0
2905,"January 24, 1982",Anderson Mesa,E. Bowell,GEF,10.0
2906,"January 13, 1983",Palomar,C. S. Shoemaker,T j (2.98),59.0
2907,"October 3, 1975",Nauchnij,L. I. Chernykh,EOS,17.0
2908,"November 18, 1981",Tōkai,T. Furuta,slow,30.0
2909,"May 9, 1983",Chirorin,S. Sei,EOS,21.0
2910,"October 11, 1980",Nauchnij,N. S. Chernykh,·,4.1
2911,"April 8, 1938",Turku,H. Alikoski,GEF,12.0
2912,"February 18, 1942",Turku,L. Oterma,·,6.5
2913,"October 12, 1931",Uccle,E. Delporte,slow,10.0
2914,"September 19, 1965",Zimmerwald,P. Wild,·,6.0
2915,"August 22, 1977",Nauchnij,N. S. Chernykh,EUN · fast,5.4
2916,"August 8, 1978",Nauchnij,N. S. Chernykh,·,4.9
2917,"September 2, 1980",Anderson Mesa,E. Bowell,·,9.6
2918,"October 9, 1980",Palomar,C. S. Shoemaker,THM · slow,20.0
2919,"March 2, 1981",Siding Spring,S. J. Bus,THM,19.0
2920,"May 3, 1981",Anderson Mesa,E. Bowell,L4,89.0
2921,"September 24, 1960",Palomar,"C. J. van Houten , I. van Houten-Groeneveld , T. Gehrels",THM,11.0
2922,"April 1, 1976",Nauchnij,N. S. Chernykh,·,5.7
2923,"February 22, 1977",Harvard Observatory,Harvard Observatory,·,9.3
2924,"February 18, 1977",Kiso,"H. Kosai , K. Furukawa",KOR,11.0
2925,"November 7, 1978",Palomar,"E. F. Helin , S. J. Bus",·,7.1
2926,"May 22, 1980",La Silla,H. Debehogne,·,5.1
2927,"October 5, 1981",Anderson Mesa,N. G. Thomas,·,10.0
2928,"April 5, 1976",El Leoncito,Félix Aguilar Observatory,EOS,15.0
2929,"January 24, 1982",Anderson Mesa,E. Bowell,·,16.0
2930,"September 24, 1960",Palomar,"C. J. van Houten , I. van Houten-Groeneveld , T. Gehrels",HOF,15.0
2931,"October 16, 1969",Nauchnij,L. I. Chernykh,KOR,12.0
2932,"October 9, 1980",Palomar,C. S. Shoemaker,CYB,29.0
2933,"April 18, 1983",Anderson Mesa,N. G. Thomas,·,20.0
2934,"September 25, 1960",Palomar,"C. J. van Houten , I. van Houten-Groeneveld , T. Gehrels",VER ·,22.0
2935,"October 24, 1976",La Silla,R. M. West,·,7.1
2936,"September 17, 1979",Kleť,A. Mrkos,slow,9.5
2937,"June 14, 1980",Anderson Mesa,E. Bowell,·,5.0
2938,"June 14, 1980",Anderson Mesa,E. Bowell,T j (2.75),19.0
2939,"February 21, 1982",Anderson Mesa,E. Bowell,·,5.6
2940,"September 24, 1960",Palomar,"C. J. van Houten , I. van Houten-Groeneveld , T. Gehrels",DOR,9.0
2941,"December 24, 1930",Flagstaff,C. W. Tombaugh,·,4.8
2942,"January 29, 1932",Heidelberg,K. Reinmuth,·,6.7
2943,"August 25, 1933",Heidelberg,K. Reinmuth,PHO,7.5
2944,"August 31, 1935",Heidelberg,K. Reinmuth,·,9.0
2945,"September 28, 1935",Johannesburg,H. van Gent,·,24.0
2946,"October 15, 1941",Turku,L. Oterma,MAS ·,13.0
2947,"August 22, 1955",Heidelberg,I. van Houten-Groeneveld,·,7.6
2948,"October 8, 1969",Nauchnij,L. I. Chernykh,·,10.0
2949,"August 9, 1970",Nauchnij,Crimean Astrophysical Observatory,·,7.0
2950,"November 9, 1974",Zimmerwald,P. Wild,·,10.0
2951,"September 13, 1977",Nauchnij,N. S. Chernykh,·,47.0
2952,"September 22, 1979",Nauchnij,N. S. Chernykh,·,6.0
2953,"September 24, 1979",Nauchnij,N. S. Chernykh,KOR,13.0
2954,"January 30, 1982",Anderson Mesa,E. Bowell,·,5.3
2955,"January 30, 1982",Anderson Mesa,E. Bowell,·,5.4
2956,"April 28, 1982",Anderson Mesa,E. Bowell,·,9.4
2957,"February 5, 1934",Heidelberg,K. Reinmuth,EOS,22.0
2958,"February 28, 1981",La Silla,"H. Debehogne , G. de Sanctis",KOR,8.9
2959,"September 4, 1983",Anderson Mesa,E. Bowell,T j (2.99) · 3:2,33.0
2960,"February 18, 1977",Kiso,"H. Kosai , K. Furukawa",·,5.3
2961,"December 7, 1982",Geisei,T. Seki,(2076),5.7
2962,"December 28, 1940",Turku,Y. Väisälä,MAR,17.0
2963,"November 9, 1964",Nanking,Purple Mountain,KOR,9.5
2964,"July 16, 1974",El Leoncito,Félix Aguilar Observatory,EUN,7.9
2965,"January 18, 1975",Nauchnij,L. I. Chernykh,PHO,8.7
2966,"March 13, 1977",Nauchnij,N. S. Chernykh,moon,5.9
2967,"September 19, 1977",Nauchnij,N. S. Chernykh,URS,33.0
2968,"August 31, 1978",Nauchnij,N. S. Chernykh,·,4.5
2969,"September 5, 1978",Nauchnij,N. S. Chernykh,KOR,8.3
2970,"October 27, 1978",Zimmerwald,P. Wild,EUN · slow,6.9
2971,"December 30, 1980",Kleť,A. Mrkos,·,5.2
2972,"October 7, 1939",Turku,Y. Väisälä,·,4.7
2973,"January 10, 1951",Uccle,S. J. Arend,·,12.0
2974,"August 23, 1955",Brooklyn,Indiana University,V · slow,5.9
2975,"January 8, 1970",Cerro El Roble,"H. Potter , Lokalov, A.",·,5.9
2976,"April 22, 1974",Cerro El Roble,C. Torres,CYB,46.0
2977,"September 19, 1974",Nauchnij,L. I. Chernykh,GEF,9.0
2978,"September 26, 1978",Harvard Observatory,Harvard Observatory,THM,19.0
2979,"October 2, 1978",Nauchnij,L. V. Zhuravleva,·,21.0
2980,"March 2, 1981",Siding Spring,S. J. Bus,RAF,5.1
2981,"March 2, 1981",Siding Spring,S. J. Bus,THM,15.0
2982,"May 6, 1981",Palomar,C. S. Shoemaker,EOS,15.0
2983,"September 2, 1981",Nauchnij,N. S. Chernykh,·,31.0
2984,"December 30, 1981",Anderson Mesa,E. Bowell,NYS,15.0
2985,"October 12, 1983",Anderson Mesa,E. Bowell,KOR,10.0
2986,"September 24, 1960",Palomar,"C. J. van Houten , I. van Houten-Groeneveld , T. Gehrels",·,19.0
2987,"September 24, 1960",Palomar,"C. J. van Houten, I. van Houten-Groeneveld, T. Gehrels",·,18.0
2988,"March 1, 1943",Turku,L. Oterma,EUN,14.0
2989,"October 22, 1976",Zimmerwald,P. Wild,·,6.0
2990,"March 2, 1981",Siding Spring,S. J. Bus,NYS ·,11.0
2991,"April 21, 1982",Anderson Mesa,"Watt, M.",·,7.8
2992,"September 24, 1960",Palomar,"C. J. van Houten , I. van Houten-Groeneveld , T. Gehrels",·,11.0
2993,"August 4, 1970",Bickley,Perth Observatory,EUN,11.0
2994,"August 14, 1975",Bickley,Perth Observatory,·,6.8
2995,"August 31, 1978",Nauchnij,N. S. Chernykh,·,17.0
2996,"September 5, 1954",Brooklyn,Indiana University,HOF ·,20.0
2997,"June 17, 1974",El Leoncito,Félix Aguilar Observatory,·,8.3
2998,"October 3, 1975",Nauchnij,L. I. Chernykh,NYS,4.3
2999,"February 6, 1981",Anderson Mesa,N. G. Thomas,BAP,6.9
3000,"March 2, 1981",Siding Spring,S. J. Bus,·,9.8
3001,"January 24, 1982",Anderson Mesa,E. Bowell,PHO,7.6
3002,"March 20, 1982",La Silla,H. Debehogne,·,6.3
3003,"December 28, 1983",Kleť,A. Mrkos,EOS,19.0
3004,"February 27, 1976",La Silla,R. M. West,·,3.5
3005,"August 22, 1979",La Silla,C.-I. Lagerkvist,NYS,4.8
3006,"September 24, 1979",Nauchnij,N. S. Chernykh,NYS ·,8.3
3007,"October 17, 1979",Anderson Mesa,E. Bowell,·,11.0
3008,"November 17, 1938",Heidelberg,K. Reinmuth,THM,20.0
3009,"September 22, 1973",Nauchnij,N. S. Chernykh,·,3.8
3010,"September 27, 1978",Nauchnij,L. I. Chernykh,THM,14.0
3011,"November 26, 1978",Nanking,Purple Mountain,·,12.0
3012,"August 27, 1979",Nauchnij,N. S. Chernykh,·,21.0
3013,"September 23, 1979",Nauchnij,N. S. Chernykh,·,11.0
3014,"October 11, 1979",Nanking,Purple Mountain,·,6.9
3015,"November 9, 1980",Anderson Mesa,E. Bowell,CYB,25.0
3016,"March 1, 1981",La Silla,"H. Debehogne , G. de Sanctis",KOR,9.9
3017,"October 25, 1981",Kleť,A. Mrkos,EUN,13.0
3018,"May 21, 1982",Anderson Mesa,E. Bowell,·,8.2
3019,"January 7, 1940",Konkoly,G. Kulin,KOR,12.0
3020,"August 2, 1949",Heidelberg,K. Reinmuth,slow,12.0
3021,"February 6, 1967",Zimmerwald,P. Wild,·,24.0
3022,"September 16, 1980",Kleť,Z. Vávrová,H,3.2
3023,"May 5, 1981",Anderson Mesa,E. Bowell,·,5.0
3024,"October 23, 1981",Nanking,Purple Mountain,CYB,37.0
3025,"August 20, 1982",Palomar,"C. S. Shoemaker , E. M. Shoemaker",(3025),46.0
3026,"October 12, 1977",Zimmerwald,P. Wild,·,16.0
3027,"August 8, 1978",Nauchnij,N. S. Chernykh,MIS,13.0
3028,"October 9, 1978",Nanking,Purple Mountain,EOS,26.0
3029,"March 1, 1981",Siding Spring,S. J. Bus,·,6.0
3030,"March 1, 1981",Siding Spring,S. J. Bus,·,4.3
3031,"February 8, 1984",Anderson Mesa,E. Bowell,·,6.4
3032,"February 8, 1984",Anderson Mesa,E. Bowell,KOR,14.0
3033,"March 5, 1984",Brorfelde,"K. Augustesen , P. Jensen , Fogh Olsen, H. J.",slow,8.4
3034,"September 24, 1917",Heidelberg,M. F. Wolf,moon,10.0
3035,"March 7, 1924",Heidelberg,K. Reinmuth,·,14.0
3036,"October 11, 1937",Crimea-Simeis,G. N. Neujmin,·,43.0
3037,"January 17, 1944",Turku,Y. Väisälä,·,30.0
3038,"August 31, 1978",Nauchnij,N. S. Chernykh,·,3.6
3039,"September 26, 1978",Nauchnij,L. V. Zhuravleva,·,9.4
3040,"January 23, 1979",Cerro Tololo,W. Liller,·,3.4
3041,"April 15, 1980",Anderson Mesa,E. Bowell,EUN,8.2
3042,"March 1, 1981",Siding Spring,S. J. Bus,·,4.6
3043,"September 20, 1982",Palomar,E. F. Helin,H · slow,5.0
3044,"September 2, 1983",Nauchnij,"Metlova, N. V., N. E. Kuročkin",·,25.0
3045,"January 8, 1984",Anderson Mesa,"Wagner, J.",·,27.0
3046,"September 24, 1960",Palomar,"C. J. van Houten , I. van Houten-Groeneveld , T. Gehrels",·,21.0
3047,"September 24, 1960",Palomar,"C. J. van Houten, I. van Houten-Groeneveld, T. Gehrels",·,5.8
3048,"October 8, 1964",Nanking,Purple Mountain,NYS,6.3
3049,"March 28, 1968",Nauchnij,T. M. Smirnova,THM,20.0
3050,"July 13, 1972",Cerro El Roble,C. Torres,·,4.3
3051,"December 19, 1974",Nanking,Purple Mountain,·,16.0
3052,"December 16, 1976",Nauchnij,L. I. Chernykh,·,11.0
3053,"August 18, 1977",Nauchnij,N. S. Chernykh,·,3.5
3054,"September 11, 1977",Nauchnij,N. S. Chernykh,THM,27.0
3055,"October 4, 1978",Nauchnij,T. M. Smirnova,MAR,9.4
3056,"November 1, 1978",Caussols,K. Tomita,slow,5.2
3057,"March 9, 1981",Anderson Mesa,E. Bowell,·,5.1
3058,"March 1, 1981",Siding Spring,S. J. Bus,·,4.1
3059,"March 3, 1981",Siding Spring,S. J. Bus,·,5.2
3060,"September 12, 1982",Zimmerwald,P. Wild,·,7.1
3061,"October 21, 1982",Anderson Mesa,E. Bowell,THM · slow,23.0
3062,"December 14, 1982",Anderson Mesa,E. Bowell,EOS,23.0
3063,"August 4, 1983",Nauchnij,L. G. Karachkina,L4,112.0
3064,"January 28, 1984",Anderson Mesa,E. Bowell,NYS · slow,13.0
3065,"February 8, 1984",Anderson Mesa,E. Bowell,·,19.0
3066,"March 1, 1984",Anderson Mesa,E. Bowell,·,14.0
3067,"October 14, 1982",Nauchnij,"L. V. Zhuravleva , L. G. Karachkina",·,6.3
3068,"December 23, 1982",Nauchnij,L. G. Karachkina,·,6.5
3069,"October 16, 1982",Kleť,Z. Vávrová,NYS,4.7
3070,"April 4, 1949",Brooklyn,Indiana University,·,5.2
3071,"March 28, 1973",Nauchnij,T. M. Smirnova,THM,20.0
3072,"September 5, 1978",Nauchnij,N. S. Chernykh,(883),4.3
3073,"September 24, 1979",Nauchnij,N. S. Chernykh,moon,5.2
3074,"December 24, 1979",Nauchnij,L. V. Zhuravleva,·,9.9
3075,"March 1, 1981",Siding Spring,S. J. Bus,·,4.5
3076,"September 13, 1982",Harvard Observatory,Oak Ridge Observatory,moon,4.9
3077,"September 22, 1982",Anderson Mesa,E. Bowell,·,5.2
3078,"March 31, 1984",Anderson Mesa,E. Bowell,·,28.0
3079,"September 24, 1960",Palomar,"C. J. van Houten , I. van Houten-Groeneveld , T. Gehrels",·,6.7
3080,"October 3, 1935",Crimea-Simeis,P. F. Shajn,EUN,13.0
3081,"October 26, 1971",Hamburg-Bergedorf,L. Kohoutek,·,7.3
3082,"May 17, 1972",Nauchnij,T. M. Smirnova,·,18.0
3083,"June 17, 1974",El Leoncito,Félix Aguilar Observatory,·,3.6
3084,"August 19, 1977",Nauchnij,N. S. Chernykh,·,7.7
3085,"February 18, 1980",Harvard Observatory,Harvard Observatory,·,7.0
3086,"December 4, 1980",Anderson Mesa,E. Bowell,H,4.6
3087,"August 30, 1981",Lake Tekapo,"A. C. Gilmore , P. M. Kilmartin",·,6.6
3088,"October 24, 1981",Nanking,Purple Mountain,EOS ·,17.0
3089,"December 3, 1981",Nanking,Purple Mountain,·,36.0
3090,"January 4, 1982",Palomar,"Gibson, J.",VER,14.0
3091,"September 24, 1960",Palomar,"C. J. van Houten , I. van Houten-Groeneveld , T. Gehrels",NYS,4.3
3092,"September 24, 1960",Palomar,"C. J. van Houten, I. van Houten-Groeneveld, T. Gehrels",CYB,30.0
3093,"June 28, 1971",Nauchnij,T. M. Smirnova,EUN,13.0
3094,"March 23, 1979",Nauchnij,N. S. Chernykh,MAR,23.0
3095,"September 8, 1980",Nauchnij,L. V. Zhuravleva,CYB,30.0
3096,"August 28, 1981",Kleť,Z. Vávrová,ADE,17.0
3097,"September 24, 1960",Palomar,"C. J. van Houten , I. van Houten-Groeneveld , T. Gehrels",·,21.0
3098,"September 24, 1960",Palomar,"C. J. van Houten, I. van Houten-Groeneveld, T. Gehrels",·,3.6
3099,"April 3, 1940",Turku,Y. Väisälä,·,15.0
3100,"March 13, 1977",Nauchnij,N. S. Chernykh,·,5.3
3101,"April 11, 1978",Palomar,"E. F. Helin , G. Grueff , Wall, J. V.",H,3.4
3102,"August 21, 1981",Kleť,L. Brožek,AMO + 1 km (0.62 mi) · slow,1.6
3103,"January 20, 1982",Piszkéstető,M. Lovas,APO +1 km (0.62 mi),1.5
3104,"January 24, 1982",Anderson Mesa,E. Bowell,·,17.0
3105,"August 8, 1907",Heidelberg,A. Kopff,·,7.0
3106,"March 9, 1981",Anderson Mesa,E. Bowell,·,26.0
3107,"May 5, 1981",Palomar,C. S. Shoemaker,·,5.8
3108,"August 18, 1972",Nauchnij,L. V. Zhuravleva,·,4.4
3109,"February 19, 1974",Hamburg-Bergedorf,L. Kohoutek,·,24.0
3110,"September 28, 1975",Anderson Mesa,H. L. Giclas,(5),8.0
3111,"February 19, 1977",Kiso,"H. Kosai , K. Furukawa",·,4.6
3112,"August 22, 1977",Nauchnij,N. S. Chernykh,·,13.0
3113,"September 1, 1978",Nauchnij,N. S. Chernykh,·,4.9
3114,"March 19, 1980",Cerro El Roble,University of Chile,NYS,5.0
3115,"August 3, 1981",Anderson Mesa,E. Bowell,·,17.0
3116,"February 11, 1983",Anderson Mesa,E. Bowell,·,7.8
3117,"February 11, 1983",Anderson Mesa,N. G. Thomas,KOR,10.0
3118,"July 19, 1974",El Leoncito,Félix Aguilar Observatory,·,37.0
3119,"December 30, 1972",Nauchnij,T. M. Smirnova,·,16.0
3120,"September 14, 1979",Nauchnij,N. S. Chernykh,·,15.0
3121,"March 2, 1981",La Silla,"H. Debehogne , G. de Sanctis",·,6.1
3122,"March 2, 1981",Siding Spring,S. J. Bus,AMO + 1 km (0.62 mi) · PHA · moon,4.9
3123,"August 30, 1981",Anderson Mesa,E. Bowell,slow,12.0
3124,"November 3, 1981",Kitt Peak,D. J. Tholen,PAD,11.0
3125,"January 24, 1982",Anderson Mesa,E. Bowell,·,15.0
3126,"October 8, 1969",Nauchnij,L. I. Chernykh,EOS,14.0
3127,"September 27, 1973",Nauchnij,L. I. Chernykh,·,8.4
3128,"March 23, 1979",Nauchnij,N. S. Chernykh,THM,20.0
3129,"June 25, 1979",Siding Spring,"E. F. Helin , S. J. Bus",·,7.2
3130,"December 20, 1981",Kleť,A. Mrkos,NYS,13.0
3131,"January 24, 1982",Anderson Mesa,E. Bowell,KOR,10.0
3132,"November 29, 1940",Turku,L. Oterma,slow,36.0
3133,"October 4, 1907",Heidelberg,A. Kopff,·,7.2
3134,"November 5, 1921",Crimea-Simeis,S. Belyavsky,HIL · 3:2,50.0
3135,"March 1, 1981",Siding Spring,S. J. Bus,·,6.8
3136,"November 18, 1981",Nanking,Purple Mountain,·,19.0
3137,"September 16, 1982",Kleť,A. Mrkos,·,6.7
3138,"May 22, 1980",La Silla,H. Debehogne,slow,5.5
3139,"November 11, 1980",Nanking,Purple Mountain,·,37.0
3140,"January 9, 1983",Anderson Mesa,B. A. Skiff,EOS,20.0
3141,"September 2, 1984",Kleť,A. Mrkos,CYB,36.0
3142,"January 9, 1937",Nice,A. Patry,·,8.0
3143,"October 31, 1980",Harvard Observatory,Harvard Observatory,KOR,8.5
3144,"October 10, 1931",Heidelberg,K. Reinmuth,·,4.4
3145,"September 14, 1955",Brooklyn,Indiana University,·,3.4
3146,"May 17, 1972",Nauchnij,T. M. Smirnova,·,11.0
3147,"December 16, 1976",Nauchnij,L. I. Chernykh,·,10.0
3148,"September 24, 1979",Nauchnij,N. S. Chernykh,THM,17.0
3149,"September 22, 1981",Kleť,Z. Vávrová,·,4.6
3150,"February 11, 1983",Geisei,T. Seki,·,33.0
3151,"April 18, 1983",Anderson Mesa,N. G. Thomas,·,14.0
3152,"June 7, 1983",Lake Tekapo,"A. C. Gilmore , P. M. Kilmartin",·,31.0
3153,"September 28, 1984",Anderson Mesa,B. A. Skiff,·,5.0
3154,"September 28, 1984",Anderson Mesa,B. A. Skiff,THM,10.0
3155,"September 28, 1984",Anderson Mesa,B. A. Skiff,V,7.0
3156,"March 15, 1953",Uccle,A. Schmitt,·,31.0
3157,"September 25, 1973",Nauchnij,L. V. Zhuravleva,(1298),30.0
3158,"September 24, 1976",Nauchnij,N. S. Chernykh,MAR,7.3
3159,"October 26, 1976",Nauchnij,T. M. Smirnova,MAR ·,9.8
3160,"June 14, 1980",Anderson Mesa,E. Bowell,·,4.8
3161,"October 9, 1980",Palomar,C. S. Shoemaker,·,14.0
3162,"December 16, 1980",Anderson Mesa,E. Bowell,·,29.0
3163,"August 28, 1981",Palomar,C. T. Kowal,·,3.9
3164,"September 24, 1960",Palomar,"C. J. van Houten , I. van Houten-Groeneveld , T. Gehrels",THM,19.0
3165,"August 31, 1984",Toyota,"K. Suzuki , T. Urata",·,7.7
3166,"March 30, 1940",Turku,Y. Väisälä,slow,7.8
3167,"September 13, 1955",Brooklyn,Indiana University,·,13.0
3168,"December 1, 1980",Kleť,A. Mrkos,EOS,13.0
3169,"June 4, 1981",Anderson Mesa,E. Bowell,H · moon,4.7
3170,"September 24, 1979",Nauchnij,N. S. Chernykh,KOR,9.6
3171,"November 19, 1979",Nanking,Purple Mountain,·,39.0
3172,"November 24, 1981",Anderson Mesa,E. Bowell,NYS,5.6
3173,"November 24, 1981",Anderson Mesa,E. Bowell,·,6.0
3174,"October 26, 1984",Anderson Mesa,E. Bowell,THM,20.0
3175,"December 16, 1979",La Silla,"H. Debehogne , Netto, E. R.",·,5.9
3176,"November 13, 1980",Piszkéstető,Z. Knežević,·,41.0
3177,"January 8, 1934",Flagstaff,H. L. Giclas,·,15.0
3178,"November 21, 1984",Toyota,"K. Suzuki , T. Urata",·,14.0
3179,"March 31, 1962",La Plata Observatory,La Plata,THM,21.0
3180,"September 7, 1962",Brooklyn,Indiana University,·,4.3
3181,"March 8, 1964",Tautenburg Observatory,F. Börngen,·,8.0
3182,"November 27, 1984",Geisei,T. Seki,EUN,8.9
3183,"August 2, 1949",Heidelberg,K. Reinmuth,·,15.0
3184,"August 22, 1949",Johannesburg,E. L. Johnson,slow?,19.0
3185,"November 11, 1953",Brooklyn,Indiana University,·,10.0
3186,"September 22, 1973",Nauchnij,N. S. Chernykh,THM,14.0
3187,"October 10, 1977",Nanking,Purple Mountain,moon,6.2
3188,"July 28, 1978",Bickley,Perth Observatory,·,4.3
3189,"September 13, 1978",Nauchnij,N. S. Chernykh,·,11.0
3190,"September 26, 1978",Nauchnij,L. V. Zhuravleva,EOS,8.9
3191,"September 22, 1979",Nauchnij,N. S. Chernykh,KOR,9.3
3192,"January 30, 1982",Anderson Mesa,E. Bowell,·,4.4
3193,"February 20, 1982",Anderson Mesa,E. Bowell,·,5.9
3194,"May 27, 1982",Palomar,C. S. Shoemaker,EOS,14.0
3195,"August 8, 1978",Nauchnij,N. S. Chernykh,KOR,8.6
3196,"September 1, 1978",Nauchnij,N. S. Chernykh,·,14.0
3197,"January 1, 1981",Anderson Mesa,E. Bowell,·,19.0
3198,"December 30, 1981",Haute-Provence,F. Dossin,·,6.8
3199,"September 13, 1982",Palomar,"C. S. Shoemaker , E. M. Shoemaker",AMO + 1 km (0.62 mi),2.2
3200,"October 11, 1983",IRAS,IRAS,APO +1 km (0.62 mi) · PHA,6.2
3201,"September 24, 1960",Palomar,"C. J. van Houten , I. van Houten-Groeneveld , T. Gehrels",·,5.0
3202,"January 3, 1908",Heidelberg,M. F. Wolf,3:2,36.0
3203,"September 18, 1938",Sonneberg,C. Hoffmeister,·,4.3
3204,"September 1, 1978",Nauchnij,N. S. Chernykh,·,20.0
3205,"June 25, 1979",Siding Spring,"E. F. Helin , S. J. Bus",ADE,12.0
3206,"November 13, 1980",Nanking,Purple Mountain,·,5.4
3207,"March 2, 1981",Siding Spring,S. J. Bus,KOR,9.4
3208,"May 3, 1981",Anderson Mesa,E. Bowell,THM ·,20.0
3209,"January 24, 1982",Anderson Mesa,E. Bowell,·,5.8
3210,"November 29, 1983",Anderson Mesa,E. Bowell,·,19.0
3211,"February 10, 1931",Williams Bay,G. Van Biesbroeck,·,8.3
3212,"February 19, 1938",Turku,Y. Väisälä,·,4.4
3213,"July 14, 1977",Nauchnij,N. S. Chernykh,THM,18.0
3214,"October 2, 1978",Nauchnij,L. V. Zhuravleva,EOS,18.0
3215,"January 23, 1980",Nauchnij,L. G. Karachkina,(1298),20.0
3216,"September 4, 1980",Anderson Mesa,E. Bowell,·,4.0
3217,"September 2, 1980",Anderson Mesa,E. Bowell,·,5.1
3218,"September 24, 1960",Palomar,"C. J. van Houten , I. van Houten-Groeneveld , T. Gehrels",·,4.9
3219,"February 4, 1934",Heidelberg,K. Reinmuth,·,16.0
3220,"November 22, 1951",Nice,M. Laugier,moon,4.9
3221,"December 2, 1981",Nanking,Purple Mountain,·,6.0
3222,"July 10, 1983",Anderson Mesa,E. Bowell,·,35.0
3223,"September 7, 1942",Turku,Y. Väisälä,·,20.0
3224,"September 11, 1977",Nauchnij,N. S. Chernykh,·,25.0
3225,"August 20, 1982",Palomar,"C. S. Shoemaker , E. M. Shoemaker",H,6.2
3226,"September 24, 1960",Palomar,"C. J. van Houten , I. van Houten-Groeneveld , T. Gehrels",KOR,7.0
3227,"February 24, 1928",Heidelberg,K. Reinmuth,·,7.9
3228,"February 8, 1935",Uccle,S. J. Arend,NYS,16.0
3229,"August 9, 1916",Hamburg-Bergedorf,H. Thiele,·,7.1
3230,"June 8, 1972",Nauchnij,N. S. Chernykh,·,23.0
3231,"September 4, 1972",Nauchnij,L. V. Zhuravleva,·,13.0
3232,"September 19, 1974",Nauchnij,L. I. Chernykh,EOS,17.0
3233,"September 9, 1977",Nauchnij,N. S. Chernykh,slow,4.1
3234,"August 31, 1978",Nauchnij,N. S. Chernykh,·,14.0
3235,"March 6, 1981",La Silla,"H. Debehogne , G. de Sanctis",·,9.2
3236,"January 24, 1982",Anderson Mesa,E. Bowell,·,5.0
3237,"September 25, 1984",Palomar,J. Platt,EOS,28.0
3238,"November 8, 1975",Nauchnij,N. S. Chernykh,ADE,13.0
3239,"October 29, 1978",Nanking,Purple Mountain,·,3.4
3240,"November 7, 1978",Palomar,"E. F. Helin , S. J. Bus",L5,52.0
3241,"November 28, 1978",Nanking,Purple Mountain,·,17.0
3242,"September 22, 1979",Nauchnij,N. S. Chernykh,EUN,7.7
3243,"February 19, 1980",Harvard Observatory,Harvard Observatory,EOS,10.0
3244,"September 24, 1960",Palomar,"C. J. van Houten , I. van Houten-Groeneveld , T. Gehrels",·,3.8
3245,"October 27, 1973",Tautenburg Observatory,F. Börngen,THM,13.0
3246,"April 1, 1976",Nauchnij,N. S. Chernykh,·,22.0
3247,"December 30, 1981",Anderson Mesa,E. Bowell,·,14.0
3248,"March 21, 1982",Anderson Mesa,E. Bowell,·,37.0
3249,"February 18, 1977",Kiso,"H. Kosai , K. Furukawa",·,5.1
3250,"March 6, 1979",Mount Stromlo,C.-I. Lagerkvist,EOS,20.0
3251,"September 24, 1960",Palomar,"C. J. van Houten , I. van Houten-Groeneveld , T. Gehrels",·,15.0
3252,"March 2, 1981",Siding Spring,S. J. Bus,EUN,7.8
3253,"April 28, 1982",Anderson Mesa,E. Bowell,·,6.2
3254,"October 17, 1982",Anderson Mesa,E. Bowell,3:2,31.0
3255,"September 2, 1980",Anderson Mesa,E. Bowell,moon,4.0
3256,"September 26, 1981",Anderson Mesa,"B. A. Skiff , N. G. Thomas",·,21.0
3257,"April 15, 1982",Kleť,A. Mrkos,·,5.6
3258,"September 8, 1983",Zimmerwald,P. Wild,·,6.3
3259,"September 25, 1984",Palomar,J. Platt,·,26.0
3260,"September 20, 1974",Nauchnij,L. V. Zhuravleva,·,7.7
3261,"September 22, 1979",Nauchnij,N. S. Chernykh,KOR,12.0
3262,"November 28, 1983",Geisei,T. Seki,·,23.0
3263,"February 5, 1932",Heidelberg,K. Reinmuth,·,4.9
3264,"January 7, 1934",Heidelberg,K. Reinmuth,THM · fast,16.0
3265,"November 9, 1953",Heidelberg,K. Reinmuth,V,5.9
3266,"August 11, 1978",La Silla,H.-E. Schuster,H,7.6
3267,"January 3, 1981",Anderson Mesa,E. Bowell,·,6.4
3268,"February 26, 1981",La Silla,"H. Debehogne , G. de Sanctis",V,6.0
3269,"March 6, 1981",Siding Spring,S. J. Bus,WAT,12.0
3270,"February 18, 1982",Palomar,"C. S. Shoemaker , S. J. Bus",·,4.9
3271,"September 14, 1982",La Silla,H.-E. Schuster,AMO + 1 km (0.62 mi),1.7
3272,"February 24, 1938",Turku,Y. Väisälä,·,5.7
3273,"October 3, 1975",Nauchnij,L. I. Chernykh,CYB · slow,27.0
3274,"August 23, 1981",La Silla,H. Debehogne,THM,15.0
3275,"April 25, 1982",Anderson Mesa,E. Bowell,·,11.0
3276,"September 15, 1982",Kleť,A. Mrkos,THM,18.0
3277,"January 8, 1984",Anderson Mesa,E. Bowell,·,20.0
3278,"January 27, 1984",Kleť,A. Mrkos,·,31.0
3279,"October 17, 1960",Palomar,"C. J. van Houten , I. van Houten-Groeneveld , T. Gehrels",·,6.5
3280,"September 17, 1933",Uccle,F. Rigaux,(5),8.8
3281,"February 24, 1938",Turku,Y. Väisälä,·,5.5
3282,"February 19, 1949",Brooklyn,Indiana University,·,5.2
3283,"August 27, 1979",Nauchnij,N. S. Chernykh,slow,11.0
3284,"July 13, 1953",Johannesburg,"Bruwer, J. A.",·,9.1
3285,"November 5, 1983",Palomar,C. S. Shoemaker,·,8.6
3286,"January 23, 1980",Nauchnij,L. G. Karachkina,EUN,8.1
3287,"February 28, 1981",Siding Spring,S. J. Bus,·,5.5
3288,"February 28, 1982",La Silla,H.-E. Schuster,AMO + 1 km (0.62 mi),2.8
3289,"September 7, 1934",Heidelberg,K. Reinmuth,·,4.3
3290,"September 19, 1973",Palomar,"C. J. van Houten , I. van Houten-Groeneveld , T. Gehrels",3:2,10.0
3291,"November 14, 1982",Kiso,"H. Kosai , K. Furukawa",·,22.0
3292,"September 24, 1960",Palomar,"C. J. van Houten , I. van Houten-Groeneveld , T. Gehrels",THM,13.0
3293,"September 24, 1960",Palomar,"C. J. van Houten, I. van Houten-Groeneveld, T. Gehrels",NYS,4.5
3294,"September 24, 1960",Palomar,"C. J. van Houten, I. van Houten-Groeneveld, T. Gehrels",·,11.0
3295,"February 17, 1950",Heidelberg,K. Reinmuth,·,13.0
3296,"September 30, 1975",El Leoncito,Félix Aguilar Observatory,EUN,10.0
3297,"November 26, 1978",Nanking,Purple Mountain,THM,16.0
3298,"July 21, 1979",Nauchnij,N. S. Chernykh,·,11.0
3299,"October 10, 1980",Palomar,C. S. Shoemaker,·,6.1
3300,"July 10, 1928",Johannesburg,H. E. Wood,·,23.0
3301,"February 6, 1978",Bickley,Perth Observatory,·,5.4
3302,"September 11, 1977",Nauchnij,N. S. Chernykh,·,7.5
3303,"October 30, 1967",Hamburg-Bergedorf,L. Kohoutek,KOR,9.9
3304,"March 2, 1981",Siding Spring,S. J. Bus,·,9.3
3305,"May 21, 1985",Lake Tekapo,"A. C. Gilmore , P. M. Kilmartin",EUN,10.0
3306,"September 24, 1979",Nauchnij,N. S. Chernykh,·,7.6
3307,"February 28, 1981",Siding Spring,S. J. Bus,·,3.6
3308,"March 1, 1981",La Silla,"H. Debehogne , G. de Sanctis",·,12.0
3309,"January 28, 1982",Brorfelde,"Jensen, K. S.",H · moon,5.0
3310,"October 9, 1931",Flagstaff,C. W. Tombaugh,EOS,24.0
3311,"August 26, 1976",Nauchnij,N. S. Chernykh,·,17.0
3312,"September 24, 1984",Brorfelde,Copenhagen Observatory,EOS,17.0
3313,"February 19, 1980",Kleť,A. Mrkos,EUN,8.8
3314,"March 30, 1981",Anderson Mesa,E. Bowell,·,6.8
3315,"February 8, 1984",Anderson Mesa,E. Bowell,·,9.5
3316,"February 6, 1984",Anderson Mesa,E. Bowell,·,17.0
3317,"May 26, 1984",Palomar,"C. S. Shoemaker , E. M. Shoemaker",L5,119.0
3318,"April 23, 1985",Brorfelde,"K. Augustesen , P. Jensen",EOS,23.0
3319,"March 12, 1977",Kiso,"H. Kosai , K. Furukawa",HYG,19.0
3320,"November 14, 1982",Kiso,"H. Kosai, K. Furukawa",·,6.7
3321,"October 3, 1975",Nauchnij,L. I. Chernykh,(5) · slow,8.0
3322,"December 1, 1975",Nauchnij,T. M. Smirnova,PHO · slow?,6.4
3323,"September 22, 1979",Nauchnij,N. S. Chernykh,·,4.8
3324,"February 4, 1983",Kleť,A. Mrkos,·,19.0
3325,"May 3, 1984",Anderson Mesa,B. A. Skiff,·,28.0
3326,"March 20, 1985",Kleť,A. Mrkos,·,14.0
3327,"August 14, 1985",Anderson Mesa,E. Bowell,·,21.0
3328,"August 21, 1985",Zimmerwald,"Schildknecht, T.",EOS,18.0
3329,"September 12, 1985",Zimmerwald,P. Wild,EOS,18.0
3330,"September 12, 1985",Zimmerwald,"Schildknecht, T.",LIX,35.0
3331,"August 22, 1979",La Silla,C.-I. Lagerkvist,·,8.2
3332,"July 4, 1978",Nauchnij,L. I. Chernykh,·,15.0
3333,"October 9, 1980",Palomar,C. S. Shoemaker,·,27.0
3334,"December 20, 1981",Kleť,A. Mrkos,KOR,10.0
3335,"January 1, 1966",Nanking,Purple Mountain,EUN,10.0
3336,"October 26, 1971",Hamburg-Bergedorf,L. Kohoutek,moon,3.6
3337,"October 26, 1971",Hamburg-Bergedorf,L. Kohoutek,KOR,10.0
3338,"October 28, 1973",Tautenburg Observatory,F. Börngen,·,3.6
3339,"June 6, 1978",Kleť,A. Mrkos,·,34.0
3340,"October 12, 1979",Nanking,Purple Mountain,·,5.9
3341,"July 17, 1980",Anderson Mesa,E. Bowell,·,12.0
3342,"January 27, 1982",Harvard Observatory,Oak Ridge Observatory,·,22.0
3343,"April 28, 1982",Socorro,Lincoln Lab ETS,·,5.2
3344,"May 15, 1982",Bologna,San Vittore,·,9.7
3345,"December 23, 1982",Nauchnij,L. G. Karachkina,PHO · slow,22.0
3346,"September 27, 1951",Uccle,S. J. Arend,·,35.0
3347,"November 2, 1975",Nauchnij,T. M. Smirnova,·,17.0
3348,"March 6, 1978",Nauchnij,N. S. Chernykh,·,16.0
3349,"March 23, 1979",Nauchnij,N. S. Chernykh,AGN,10.0
3350,"August 8, 1980",Anderson Mesa,E. Bowell,·,7.4
3351,"September 7, 1980",Anderson Mesa,E. Bowell,·,7.3
3352,"February 6, 1981",Anderson Mesa,N. G. Thomas,AMO + 1 km (0.62 mi),2.3
3353,"December 20, 1981",Anderson Mesa,E. Bowell,H · slow,11.0
3354,"February 8, 1984",Anderson Mesa,E. Bowell,·,7.7
3355,"February 8, 1984",Anderson Mesa,E. Bowell,(254) · slow,4.7
3356,"March 6, 1984",Anderson Mesa,E. Bowell,slow,4.8
3357,"March 21, 1984",Kleť,A. Mrkos,EOS,16.0
3358,"September 1, 1978",Nauchnij,N. S. Chernykh,THM,14.0
3359,"September 13, 1978",Nauchnij,N. S. Chernykh,·,4.2
3360,"November 4, 1981",Palomar,"E. F. Helin , R. S. Dunbar",T j (2.96) · APO + 1 km (0.62 mi) · (887),1.8
3361,"April 24, 1982",Cerro El Roble,C. Torres,APO · PHA,0.3
3362,"August 30, 1984",Palomar,"R. S. Dunbar , M. A. Barucci",ATE · PHA,0.7
3363,"March 6, 1960",Brooklyn,Indiana University,·,9.4
3364,"April 5, 1984",Kleť,A. Mrkos,·,5.4
3365,"February 13, 1985",La Silla,H. Debehogne,·,18.0
3366,"September 22, 1985",Zimmerwald,"Schildknecht, T.",EOS,17.0
3367,"February 15, 1983",Anderson Mesa,N. G. Thomas,·,9.6
3368,"August 22, 1985",Anderson Mesa,E. Bowell,CYB,33.0
3369,"October 18, 1985",Brorfelde,Copenhagen Observatory,EMA,24.0
3370,"February 4, 1934",Heidelberg,K. Reinmuth,·,5.4
3371,"September 14, 1955",Brooklyn,Indiana University,·,11.0
3372,"September 24, 1976",Nauchnij,N. S. Chernykh,·,21.0
3373,"August 31, 1978",Nauchnij,N. S. Chernykh,slow,4.4
3374,"May 22, 1980",La Silla,H. Debehogne,KOR,7.8
3375,"May 5, 1981",Palomar,C. S. Shoemaker,·,6.7
3376,"October 21, 1982",Nauchnij,L. V. Zhuravleva,V,7.9
3377,"September 24, 1960",Palomar,"C. J. van Houten , I. van Houten-Groeneveld , T. Gehrels",KOR,7.7
3378,"November 25, 1922",Williams Bay,G. Van Biesbroeck,moon,6.6
3379,"October 6, 1931",Heidelberg,K. Reinmuth,NYS ·,13.0
3380,"March 15, 1940",Konkoly,G. Kulin,KOR,10.0
3381,"October 15, 1941",Turku,L. Oterma,·,3.8
3382,"September 7, 1948",Flagstaff,H. L. Giclas,·,6.4
3383,"January 9, 1951",Heidelberg,K. Reinmuth,slow,11.0
3384,"September 19, 1974",Nauchnij,L. I. Chernykh,NYS,7.0
3385,"September 24, 1979",Nauchnij,N. S. Chernykh,·,7.7
3386,"March 16, 1980",Kleť,L. Brožek,KOR,8.6
3387,"November 20, 1981",Anderson Mesa,E. Bowell,EUN,8.1
3388,"December 21, 1981",Nanking,Purple Mountain,PHO,6.3
3389,"February 25, 1984",La Silla,H. Debehogne,·,21.0
3390,"March 2, 1984",La Silla,H. Debehogne,moon,5.1
3391,"February 18, 1977",Kiso,"H. Kosai , K. Furukawa",L4,38.0
3392,"December 17, 1979",Kiso,"H. Kosai, Sasaki, G.",·,7.1
3393,"November 28, 1984",Piszkéstető,M. Antal,·,9.6
3394,"February 16, 1986",Karasuyama,S. Inoda,·,6.3
3395,"October 20, 1985",Kleť,A. Mrkos,AGN,11.0
3396,"October 15, 1915",Heidelberg,M. F. Wolf,CYB,33.0
3397,"December 8, 1964",Flagstaff,"R. Burnham , N. G. Thomas",PHO,5.3
3398,"August 10, 1978",La Silla,H.-E. Schuster,PHO,5.7
3399,"September 22, 1979",Nauchnij,N. S. Chernykh,THM,17.0
3400,"April 2, 1981",Lake Tekapo,"A. C. Gilmore , P. M. Kilmartin",H,1.6
3401,"August 1, 1981",Harvard Observatory,Harvard Observatory,·,7.0
3402,"August 5, 1981",Anderson Mesa,E. Bowell,·,2.1
3403,"September 25, 1981",Socorro,"Taff, L. G.",·,4.1
3404,"February 4, 1934",Heidelberg,K. Reinmuth,·,8.4
3405,"October 30, 1964",Nanking,Purple Mountain,·,25.0
3406,"February 21, 1969",Nauchnij,B. A. Burnasheva,·,16.0
3407,"February 28, 1973",Hamburg-Bergedorf,L. Kohoutek,ADE,16.0
3408,"August 18, 1977",Nauchnij,N. S. Chernykh,NYS,5.8
3409,"September 9, 1977",Nauchnij,N. S. Chernykh,KOR,11.0
3410,"September 26, 1978",Nauchnij,L. V. Zhuravleva,·,4.4
3411,"June 2, 1980",La Silla,H. Debehogne,·,5.5
3412,"January 10, 1983",Palomar,"Kirk, R., Rudy, D.",slow,6.1
3413,"February 15, 1983",Anderson Mesa,N. G. Thomas,·,5.5
3414,"February 19, 1983",Anderson Mesa,E. Bowell,·,5.2
3415,"September 22, 1928",Heidelberg,K. Reinmuth,3:2,37.0
3416,"November 8, 1931",Heidelberg,K. Reinmuth,H,4.3
3417,"April 1, 1937",Heidelberg,K. Reinmuth,·,4.6
3418,"August 31, 1973",Nauchnij,T. M. Smirnova,THM,19.0
3419,"May 8, 1981",Kleť,L. Brožek,URS,35.0
3420,"March 1, 1984",Anderson Mesa,E. Bowell,·,19.0
3421,"November 26, 1975",Nanking,Purple Mountain,·,4.0
3422,"July 28, 1978",Bickley,Perth Observatory,EUN,10.0
3423,"February 9, 1981",Kleť,L. Brožek,·,20.0
3424,"February 14, 1982",Kleť,L. Brožek,·,6.8
3425,"January 29, 1929",Heidelberg,K. Reinmuth,EOS,21.0
3426,"February 5, 1932",Heidelberg,K. Reinmuth,·,16.0
3427,"January 6, 1938",Konkoly,G. Kulin,·,5.0
3428,"May 1, 1952",Brooklyn,Indiana University,·,17.0
3429,"September 19, 1974",Nauchnij,L. I. Chernykh,·,8.9
3430,"October 9, 1980",Palomar,C. S. Shoemaker,AGN,8.5
3431,"August 24, 1984",Geisei,T. Seki,·,44.0
3432,"March 7, 1986",Kobuchizawa,"Inoue, M., O. Muramatsu , T. Urata",·,17.0
3433,"October 15, 1963",Brooklyn,Indiana University,moon,7.7
3434,"November 2, 1981",Anderson Mesa,B. A. Skiff,·,14.0
3435,"December 2, 1981",Haute-Provence,F. Dossin,·,7.3
3436,"September 24, 1976",Nauchnij,N. S. Chernykh,KOR · slow?,8.0
3437,"October 20, 1982",Nauchnij,L. G. Karachkina,·,5.8
3438,"September 21, 1974",El Leoncito,Félix Aguilar Observatory,INA,25.0
3439,"September 4, 1983",Anderson Mesa,E. Bowell,MRX,8.8
3440,"February 17, 1950",Heidelberg,K. Reinmuth,·,11.0
3441,"October 8, 1969",Nauchnij,L. I. Chernykh,THM,18.0
3442,"October 2, 1978",Nauchnij,L. V. Zhuravleva,·,26.0
3443,"September 26, 1979",Nanking,Purple Mountain,·,8.9
3444,"September 7, 1980",Nauchnij,N. S. Chernykh,·,6.4
3445,"March 16, 1983",Anderson Mesa,E. Barr,ADE,20.0
3446,"March 12, 1942",Heidelberg,K. Reinmuth,·,8.4
3447,"September 29, 1956",Brooklyn,Indiana University,H,6.0
3448,"August 22, 1977",Nauchnij,N. S. Chernykh,·,6.0
3449,"November 7, 1978",Palomar,"E. F. Helin , S. J. Bus",THM,16.0
3450,"August 31, 1983",La Silla,H. Debehogne,PAD,17.0
3451,"April 19, 1984",Kleť,A. Mrkos,L5,126.0
3452,"July 17, 1980",Anderson Mesa,E. Bowell,·,3.5
3453,"September 27, 1981",Nauchnij,L. G. Karachkina,·,5.7
3454,"November 24, 1981",Anderson Mesa,E. Bowell,slow,5.6
3455,"August 20, 1985",Anderson Mesa,E. Bowell,·,5.9
3456,"September 5, 1985",La Silla,H. Debehogne,·,4.3
3457,"September 5, 1985",La Silla,H. Debehogne,KOR,13.0
3458,"September 7, 1985",La Silla,H. Debehogne,·,7.4
3459,"April 2, 1986",Brorfelde,P. Jensen,slow,7.9
3460,"August 31, 1973",Nauchnij,T. M. Smirnova,(3460),18.0
3461,"September 18, 1977",Nauchnij,N. S. Chernykh,·,7.6
3462,"October 25, 1981",Nanking,Purple Mountain,·,7.8
3463,"December 3, 1981",Nanking,Purple Mountain,NYS,14.0
3464,"January 16, 1983",Anderson Mesa,E. Bowell,·,4.4
3465,"September 20, 1984",La Silla,H. Debehogne,slow,5.9
3466,"March 6, 1975",Nauchnij,N. S. Chernykh,·,5.8
3467,"September 26, 1981",Anderson Mesa,N. G. Thomas,NYS,12.0
3468,"January 7, 1975",Zimmerwald,P. Wild,EOS,14.0
3469,"October 21, 1982",Nauchnij,L. G. Karachkina,EOS,19.0
3470,"March 6, 1975",Nauchnij,N. S. Chernykh,·,13.0
3471,"August 21, 1977",Nauchnij,N. S. Chernykh,URS,29.0
3472,"March 1, 1981",Siding Spring,S. J. Bus,·,11.0
3473,"March 7, 1924",Heidelberg,K. Reinmuth,·,4.8
3474,"April 27, 1962",Brooklyn,Indiana University,·,8.1
3475,"October 4, 1972",Hamburg-Bergedorf,L. Kohoutek,·,30.0
3476,"October 28, 1978",Nanking,Purple Mountain,·,32.0
3477,"May 19, 1979",La Silla,R. M. West,V,6.2
3478,"December 14, 1979",Anderson Mesa,E. Bowell,·,7.0
3479,"October 3, 1980",Kleť,Z. Vávrová,·,19.0
3480,"April 1, 1981",Anderson Mesa,E. Bowell,·,9.5
3481,"February 19, 1982",Xinglong,Peking Observatory,·,6.0
3482,"November 2, 1975",Nauchnij,T. M. Smirnova,·,13.0
3483,"December 16, 1976",Nauchnij,L. I. Chernykh,H,2.9
3484,"July 10, 1978",Palomar,"E. F. Helin , E. M. Shoemaker",EUN,6.9
3485,"July 11, 1983",Anderson Mesa,E. Bowell,NYS ·,15.0
3486,"February 5, 1984",Anderson Mesa,E. Bowell,NYS ·,5.8
3487,"October 28, 1978",Anderson Mesa,H. L. Giclas,EUN,8.3
3488,"August 8, 1980",Anderson Mesa,E. Bowell,EUN,5.3
3489,"January 10, 1983",Palomar,"K. Herkenhoff , G. Ojakangas",V,4.4
3490,"September 20, 1984",Kleť,A. Mrkos,V,5.0
3491,"September 30, 1984",Zimmerwald,P. Wild,AGN,8.0
3492,"February 16, 1985",Kleť,"Mahrová, M.",EUN,12.0
3493,"April 3, 1976",Nauchnij,N. S. Chernykh,·,6.3
3494,"December 7, 1980",Nanking,Purple Mountain,V,6.5
3495,"July 2, 1981",Cerro El Roble,"Gonzalez, L. E.",THM,26.0
3496,"September 5, 1977",La Silla,H.-E. Schuster,·,4.1
3497,"April 19, 1941",Turku,L. Oterma,·,18.0
3498,"March 1, 1981",Siding Spring,S. J. Bus,V,3.3
3499,"November 3, 1981",Tautenburg Observatory,"F. Börngen , Kirsch, K.",THM,16.0
3500,"September 18, 1919",Heidelberg,K. Reinmuth,·,7.4
3501,"August 18, 1971",Nauchnij,T. M. Smirnova,·,22.0
3502,"October 9, 1964",Nanking,Purple Mountain,THM,22.0
3503,"March 1, 1981",Siding Spring,S. J. Bus,EUN,5.2
3504,"September 3, 1981",Nauchnij,N. S. Chernykh,THM,19.0
3505,"January 9, 1983",Anderson Mesa,B. A. Skiff,EOS,15.0
3506,"February 6, 1984",Anderson Mesa,E. Bowell,EOS,16.0
3507,"October 21, 1982",Anderson Mesa,E. Bowell,THM,25.0
3508,"February 21, 1980",Nauchnij,L. G. Karachkina,·,10.0
3509,"October 28, 1978",Nanking,Purple Mountain,·,9.3
3510,"October 13, 1982",Anderson Mesa,E. Bowell,·,8.0
3511,"October 14, 1982",Nauchnij,"L. V. Zhuravleva , L. G. Karachkina",·,9.6
3512,"January 8, 1984",Anderson Mesa,"Wagner, J.",·,4.9
3513,"October 16, 1965",Nanking,Purple Mountain,·,12.0
3514,"October 26, 1971",Hamburg-Bergedorf,L. Kohoutek,3:2,22.0
3515,"October 16, 1982",Kleť,Z. Vávrová,KOR,7.7
3516,"October 21, 1982",Nauchnij,L. G. Karachkina,KOR,11.0
3517,"September 24, 1976",Nauchnij,N. S. Chernykh,·,5.1
3518,"August 18, 1977",Nauchnij,N. S. Chernykh,EUN,8.6
3519,"February 23, 1984",La Silla,H. Debehogne,·,5.9
3520,"September 16, 1952",Brooklyn,Indiana University,·,6.8
3521,"June 26, 1982",Lake Tekapo,"A. C. Gilmore , P. M. Kilmartin",·,3.9
3522,"September 21, 1941",Turku,Y. Väisälä,·,20.0
3523,"October 3, 1975",Nauchnij,L. I. Chernykh,moon,9.1
3524,"March 2, 1981",Siding Spring,S. J. Bus,EUN,6.5
3525,"February 15, 1983",Anderson Mesa,N. G. Thomas,·,19.0
3526,"February 5, 1984",Anderson Mesa,E. Bowell,·,22.0
3527,"April 15, 1985",Anderson Mesa,E. Bowell,slow,7.2
3528,"March 2, 1981",Siding Spring,S. J. Bus,·,6.8
3529,"March 2, 1981",Siding Spring,S. J. Bus,·,6.1
3530,"March 2, 1981",Siding Spring,S. J. Bus,NYS,5.3
3531,"March 30, 1981",Anderson Mesa,E. Bowell,slow,8.3
3532,"January 10, 1983",Palomar,"K. Herkenhoff , G. Ojakangas",·,16.0
3533,"October 30, 1986",Toyota,"K. Suzuki , T. Urata",(883),7.3
3534,"December 15, 1936",Uccle,E. Delporte,·,9.0
3535,"September 24, 1979",Nauchnij,N. S. Chernykh,·,7.1
3536,"March 2, 1981",Siding Spring,S. J. Bus,·,3.1
3537,"November 15, 1982",Anderson Mesa,E. Bowell,MAR,8.3
3538,"September 24, 1960",Palomar,"C. J. van Houten , I. van Houten-Groeneveld , T. Gehrels",·,11.0
3539,"April 11, 1967",Tautenburg Observatory,F. Börngen,EUN,7.8
3540,"October 27, 1973",Tautenburg Observatory,F. Börngen,L4,70.0
3541,"June 18, 1984",Bickley,Perth Observatory,·,14.0
3542,"October 9, 1964",Nanking,Purple Mountain,VER ·,18.0
3543,"November 11, 1964",Nanking,Purple Mountain,THM,22.0
3544,"September 7, 1977",Nauchnij,N. S. Chernykh,·,8.5
3545,"November 20, 1981",Anderson Mesa,E. Bowell,KOR,12.0
3546,"September 28, 1983",Smolyan,Bulgarian National Observatory,·,10.0
3547,"October 2, 1978",Nauchnij,L. V. Zhuravleva,·,8.3
3548,"September 19, 1973",Palomar,"C. J. van Houten , I. van Houten-Groeneveld , T. Gehrels",L4 · ERY · moon,64.0
3549,"December 30, 1981",Anderson Mesa,E. Bowell,·,9.1
3550,"December 20, 1981",Kleť,A. Mrkos,·,27.0
3551,"September 12, 1983",Palomar,R. S. Dunbar,AMO + 1 km (0.62 mi),0.9
3552,"September 26, 1983",Zimmerwald,P. Wild,T j (2.32) · AMO +1 km (0.62 mi),19.0
3553,"May 14, 1985",Palomar,C. S. Shoemaker,AMO +1 km (0.62 mi),1.9
3554,"March 4, 1986",Palomar,"C. S. Shoemaker, E. M. Shoemaker",ATE + 1 km (0.62 mi),3.3
3555,"October 6, 1931",Heidelberg,K. Reinmuth,·,6.5
3556,"October 30, 1964",Nanking,Purple Mountain,LIX,20.0
3557,"August 19, 1977",Nauchnij,N. S. Chernykh,3:2,40.0
3558,"September 26, 1978",Nauchnij,L. V. Zhuravleva,PHO,8.8
3559,"August 8, 1980",Anderson Mesa,E. Bowell,·,10.0
3560,"September 3, 1980",Nanking,Purple Mountain,EOS,22.0
3561,"April 18, 1983",Anderson Mesa,N. G. Thomas,HIL · 3:2 · (3561),33.0
3562,"January 8, 1984",Anderson Mesa,"Wagner, J.",·,7.7
3563,"March 23, 1985",Lake Tekapo,"A. C. Gilmore , P. M. Kilmartin",DOR,17.0
3564,"October 15, 1985",Anderson Mesa,E. Bowell,L4,74.0
3565,"December 22, 1986",Ojima,"T. Niijima , T. Urata",·,28.0
3566,"December 24, 1979",Nauchnij,L. V. Zhuravleva,·,15.0
3567,"November 15, 1930",Uccle,E. Delporte,·,15.0
3568,"October 17, 1936",Nice,M. Laugier,·,24.0
3569,"February 20, 1938",Heidelberg,K. Reinmuth,EUN,7.7
3570,"December 14, 1979",Nanking,Purple Mountain,EOS,20.0
3571,"March 15, 1982",Kleť,A. Mrkos,HIL · 3:2 · slow,35.0
3572,"October 28, 1954",Brooklyn,Indiana University,·,9.2
3573,"August 16, 1982",La Silla,C.-I. Lagerkvist,·,6.2
3574,"October 13, 1982",Anderson Mesa,E. Bowell,·,5.1
3575,"February 26, 1984",Nauchnij,N. S. Chernykh,·,12.0
3576,"February 26, 1984",Nauchnij,N. S. Chernykh,·,7.4
3577,"October 7, 1969",Nauchnij,L. I. Chernykh,3:2,49.0
3578,"February 11, 1977",El Leoncito,Félix Aguilar Observatory,·,43.0
3579,"December 18, 1977",Piszkéstető,M. Lovas,·,6.9
3580,"February 15, 1983",Anderson Mesa,N. G. Thomas,·,8.5
3581,"April 23, 1985",Palomar,C. S. Shoemaker,·,20.0
3582,"October 2, 1986",Zimmerwald,P. Wild,EOS,16.0
3583,"October 5, 1929",Flagstaff,C. W. Tombaugh,NYS,6.6
3584,"October 5, 1981",Anderson Mesa,N. G. Thomas,·,28.0
3585,"January 28, 1987",Ojima,"T. Niijima , T. Urata",·,15.0
3586,"September 26, 1978",Nauchnij,L. V. Zhuravleva,·,7.2
3587,"September 8, 1981",Nauchnij,L. V. Zhuravleva,·,15.0
3588,"October 8, 1981",Nauchnij,L. I. Chernykh,·,20.0
3589,"January 8, 1984",Anderson Mesa,"Wagner, J.",·,4.3
3590,"February 5, 1984",Anderson Mesa,E. Bowell,·,5.3
3591,"August 31, 1978",Nauchnij,N. S. Chernykh,THM,16.0
3592,"February 15, 1980",Kleť,Z. Vávrová,·,5.4
3593,"March 2, 1981",Siding Spring,S. J. Bus,·,5.0
3594,"February 11, 1983",Anderson Mesa,E. Bowell,MAR,7.1
3595,"October 15, 1985",Anderson Mesa,E. Bowell,·,7.7
3596,"November 14, 1985",Brorfelde,"P. Jensen , K. Augustesen",L4,87.0
3597,"October 15, 1941",Turku,L. Oterma,THM ·,18.0
3598,"May 18, 1977",Palomar,"Howell Bus, E.",·,19.0
3599,"August 8, 1978",Nauchnij,N. S. Chernykh,THM · fast,18.0
3600,"September 26, 1978",Nauchnij,L. V. Zhuravleva,RAF,6.8
3601,"September 22, 1979",Nauchnij,N. S. Chernykh,THM,13.0
3602,"February 28, 1981",Siding Spring,S. J. Bus,·,4.1
3603,"September 5, 1981",Kleť,L. Brožek,·,7.6
3604,"October 17, 1960",Palomar,"C. J. van Houten , I. van Houten-Groeneveld , T. Gehrels",ADE,13.0
3605,"November 28, 1932",Uccle,E. Delporte,·,6.0
3606,"September 19, 1939",Turku,Y. Väisälä,·,8.9
3607,"February 18, 1977",Kiso,"H. Kosai , K. Furukawa",·,4.0
3608,"September 27, 1978",Nauchnij,L. I. Chernykh,CYB,30.0
3609,"November 13, 1980",Nanking,Purple Mountain,·,18.0
3610,"March 5, 1981",La Silla,"H. Debehogne , G. de Sanctis",·,4.6
3611,"December 20, 1981",Nanking,Purple Mountain,DOR,14.0
3612,"October 13, 1982",Anderson Mesa,E. Bowell,NYS ·,11.0
3613,"November 10, 1982",Nanking,Purple Mountain,V · slow,5.7
3614,"January 12, 1983",Anderson Mesa,N. G. Thomas,·,48.0
3615,"November 29, 1983",Anderson Mesa,E. Bowell,THM,25.0
3616,"May 3, 1984",Nauchnij,L. V. Zhuravleva,EUN,9.8
3617,"June 2, 1984",Anderson Mesa,B. A. Skiff,·,9.2
3618,"August 20, 1979",Nauchnij,N. S. Chernykh,·,16.0
3619,"March 2, 1981",Siding Spring,S. J. Bus,·,6.6
3620,"September 7, 1981",Nauchnij,L. G. Karachkina,EOS,13.0
3621,"September 26, 1981",Anderson Mesa,N. G. Thomas,THM,16.0
3622,"September 29, 1981",Nauchnij,L. V. Zhuravleva,CYB,22.0
3623,"October 4, 1981",Nauchnij,L. G. Karachkina,KOR,9.9
3624,"October 14, 1982",Nauchnij,"L. V. Zhuravleva , L. G. Karachkina",·,8.3
3625,"April 27, 1984",La Silla,W. Ferreri,·,14.0
3626,"August 4, 1929",Heidelberg,M. F. Wolf,HYG,18.0
3627,"February 28, 1973",Hamburg-Bergedorf,L. Kohoutek,·,11.0
3628,"November 25, 1979",Kleť,Z. Vávrová,(887),6.9
3629,"November 21, 1982",Kleť,A. Mrkos,V,5.8
3630,"August 28, 1984",Kleť,A. Mrkos,DOR,13.0
3631,"January 25, 1987",La Silla,E. W. Elst,·,39.0
3632,"September 24, 1976",Nauchnij,N. S. Chernykh,·,9.1
3633,"March 13, 1980",El Leoncito,Félix Aguilar Observatory,·,9.5
3634,"March 16, 1980",La Silla,C.-I. Lagerkvist,·,5.0
3635,"November 21, 1981",Calar Alto,L. Kohoutek,slow,2.8
3636,"October 17, 1982",Kleť,A. Mrkos,·,4.1
3637,"October 23, 1984",Anderson Mesa,B. A. Skiff,·,13.0
3638,"November 20, 1984",Anderson Mesa,E. Bowell,EOS,18.0
3639,"October 15, 1985",Anderson Mesa,E. Bowell,·,6.5
3640,"October 11, 1985",Palomar,C. S. Shoemaker,·,7.1
3641,"November 24, 1922",Williams Bay,G. Van Biesbroeck,·,30.0
3642,"December 4, 1953",Sonneberg,"Gessner, H.",·,32.0
3643,"October 29, 1978",Nanking,Purple Mountain,PHO · moon,9.8
3644,"October 5, 1931",Heidelberg,K. Reinmuth,·,5.8
3645,"August 28, 1981",Kleť,A. Mrkos,·,20.0
3646,"September 11, 1985",La Silla,H. Debehogne,·,6.3
3647,"January 11, 1986",Anderson Mesa,E. Bowell,·,27.0
3648,"April 24, 1957",La Plata Observatory,La Plata,·,5.3
3649,"April 26, 1976",El Leoncito,Félix Aguilar Observatory,·,22.0
3650,"October 30, 1978",Nanking,Purple Mountain,·,27.0
3651,"November 7, 1978",Palomar,"E. F. Helin , S. J. Bus",·,5.6
3652,"October 6, 1981",Nauchnij,T. M. Smirnova,·,13.0
3653,"April 25, 1979",Nauchnij,N. S. Chernykh,·,5.4
3654,"August 21, 1949",Brooklyn,Indiana University,·,4.3
3655,"September 26, 1978",Nauchnij,L. V. Zhuravleva,3:2,37.0
3656,"August 31, 1978",Nauchnij,N. S. Chernykh,·,5.3
3657,"September 26, 1978",Nauchnij,L. V. Zhuravleva,V · moon,6.7
3658,"October 13, 1982",Anderson Mesa,E. Bowell,moon,5.0
3659,"October 8, 1969",Nauchnij,L. I. Chernykh,·,5.1
3660,"August 31, 1978",Nauchnij,N. S. Chernykh,·,26.0
3661,"October 16, 1979",Nauchnij,N. S. Chernykh,KOR,10.0
3662,"September 8, 1980",Nauchnij,L. V. Zhuravleva,EUN,9.4
3663,"April 15, 1985",Anderson Mesa,E. Bowell,THM,13.0
3664,"September 24, 1960",Palomar,"C. J. van Houten , I. van Houten-Groeneveld , T. Gehrels",slow,9.2
3665,"March 19, 1979",Kleť,A. Mrkos,PHO,7.7
3666,"April 19, 1979",Cerro Tololo,"Muzzio, J. C.",THM,20.0
3667,"March 9, 1981",Anderson Mesa,E. Bowell,TIR ·,22.0
3668,"October 21, 1982",Nauchnij,L. G. Karachkina,·,6.5
3669,"October 21, 1982",Nauchnij,L. G. Karachkina,moon,6.2
3670,"January 22, 1983",Anderson Mesa,E. Bowell,PAD,19.0
3671,"May 27, 1984",Palomar,"C. S. Shoemaker , E. M. Shoemaker",AMO · APO + 1 km (0.62 mi) · PHA · moon,1.5
3672,"August 22, 1985",Anderson Mesa,E. Bowell,·,5.6
3673,"August 22, 1985",Anderson Mesa,E. Bowell,moon,6.4
3674,"September 13, 1963",Sonneberg,C. Hoffmeister,·,9.1
3675,"December 23, 1982",Nauchnij,L. G. Karachkina,CYB,19.0
3676,"April 3, 1984",Anderson Mesa,E. Bowell,·,5.0
3677,"August 31, 1984",Anderson Mesa,E. Bowell,·,4.8
3678,"January 20, 1966",Nanking,Purple Mountain,·,8.0
3679,"February 24, 1984",La Silla,H. Debehogne,slow,5.2
3680,"June 28, 1987",Palomar,E. F. Helin,·,7.0
3681,"August 27, 1974",Nauchnij,L. I. Chernykh,·,4.6
3682,"July 12, 1923",Heidelberg,K. Reinmuth,·,19.0
3683,"June 23, 1987",La Silla,W. Landgraf,·,20.0
3684,"January 9, 1983",Anderson Mesa,B. A. Skiff,·,12.0
3685,"March 1, 1981",Siding Spring,S. J. Bus,slow,10.0
3686,"March 3, 1987",Ojima,"T. Niijima , T. Urata",·,18.0
3687,"October 7, 1908",Heidelberg,A. Kopff,·,31.0
3688,"March 30, 1981",Anderson Mesa,E. Bowell,2:1J,6.1
3689,"May 5, 1981",Palomar,C. S. Shoemaker,·,14.0
3690,"August 3, 1981",Anderson Mesa,E. Bowell,·,5.0
3691,"March 29, 1982",Cerro El Roble,"Gonzalez, L. E.",AMO + 1 km (0.62 mi) · slow,4.3
3692,"April 25, 1982",Anderson Mesa,E. Bowell,·,12.0
3693,"September 15, 1982",Anderson Mesa,E. Bowell,·,27.0
3694,"September 27, 1984",Palomar,"Grossman, A.",3:2,46.0
3695,"October 21, 1973",Anderson Mesa,H. L. Giclas,·,7.7
3696,"July 17, 1980",Anderson Mesa,E. Bowell,·,16.0
3697,"March 6, 1984",Anderson Mesa,E. Bowell,V,4.3
3698,"October 29, 1984",Anderson Mesa,E. Bowell,·,6.0
3699,"October 29, 1984",Anderson Mesa,E. Bowell,·,4.7
3700,"October 23, 1984",Palomar,"C. S. Shoemaker , E. M. Shoemaker",PHO,7.8
3701,"February 20, 1985",Kleť,A. Mrkos,AGN,9.0
3702,"July 3, 1970",Nauchnij,L. I. Chernykh,·,18.0
3703,"August 9, 1978",Nauchnij,L. I. Chernykh,V,3.7
3704,"December 20, 1981",Nanking,Purple Mountain,·,9.6
3705,"March 4, 1984",La Silla,H. Debehogne,THM,18.0
3706,"September 28, 1984",Anderson Mesa,B. A. Skiff,·,4.5
3707,"February 5, 1934",Heidelberg,K. Reinmuth,EUN,9.3
3708,"March 21, 1974",Cerro El Roble,University of Chile,L5,76.0
3709,"October 14, 1985",Palomar,C. S. Shoemaker,L4,65.0
3710,"September 13, 1978",Nauchnij,N. S. Chernykh,·,12.0
3711,"August 31, 1983",Palomar,"Gibson, J.",EUN,6.8
3712,"December 22, 1984",Mount Hamilton,"E. A. Harlan , A. R. Klemola",·,11.0
3713,"March 22, 1985",Anderson Mesa,E. Bowell,EOS,16.0
3714,"October 12, 1983",Anderson Mesa,E. Bowell,EUN,11.0
3715,"February 19, 1980",Kleť,A. Mrkos,·,4.9
3716,"October 2, 1980",Kleť,A. Mrkos,·,4.7
3717,"February 15, 1964",Brooklyn,Indiana University,(3460),17.0
3718,"November 7, 1978",Palomar,"E. F. Helin , S. J. Bus",·,7.0
3719,"December 16, 1976",Nauchnij,L. I. Chernykh,·,7.3
3720,"October 28, 1987",Kushiro,"S. Ueda , H. Kaneda",V,4.2
3721,"October 13, 1982",Anderson Mesa,E. Bowell,EOS,14.0
3722,"October 29, 1927",Heidelberg,K. Reinmuth,·,7.9
3723,"April 1, 1976",Nauchnij,N. S. Chernykh,·,9.7
3724,"December 23, 1979",Nauchnij,L. V. Zhuravleva,GEF,15.0
3725,"March 1, 1981",Siding Spring,S. J. Bus,ADE,7.3
3726,"June 4, 1981",Anderson Mesa,E. Bowell,KOR,10.0
3727,"August 7, 1981",Kleť,A. Mrkos,CYB,28.0
3728,"August 23, 1983",IRAS,IRAS,·,23.0
3729,"November 1, 1983",Nanking,Purple Mountain,EUN,13.0
3730,"December 4, 1983",Piszkéstető,M. Antal,·,27.0
3731,"February 20, 1984",Bickley,Perth Observatory,·,53.0
3732,"September 27, 1984",Kleť,Z. Vávrová,·,3.8
3733,"January 15, 1985",Toyota,"K. Suzuki , T. Urata",slow,13.0
3734,"October 17, 1960",Palomar,"C. J. van Houten , I. van Houten-Groeneveld , T. Gehrels",AGN,9.0
3735,"December 4, 1983",Kleť,Z. Vávrová,·,21.0
3736,"September 26, 1987",Anderson Mesa,E. Bowell,EOS,20.0
3737,"August 8, 1983",Palomar,E. F. Helin,·,7.0
3738,"August 19, 1977",Nauchnij,N. S. Chernykh,·,7.0
3739,"September 8, 1977",Nauchnij,N. S. Chernykh,·,6.7
3740,"March 1, 1981",La Silla,"H. Debehogne , G. de Sanctis",·,8.6
3741,"March 2, 1981",Siding Spring,S. J. Bus,·,6.1
3742,"March 2, 1981",Siding Spring,S. J. Bus,·,5.3
3743,"March 10, 1983",Anderson Mesa,E. Barr,·,4.6
3744,"November 5, 1983",Bologna,San Vittore,·,15.0
3745,"September 23, 1949",Heidelberg,K. Reinmuth,·,11.0
3746,"October 8, 1964",Nanking,Purple Mountain,·,15.0
3747,"November 5, 1975",Nauchnij,L. I. Chernykh,·,27.0
3748,"May 3, 1981",Anderson Mesa,E. Bowell,·,9.7
3749,"January 24, 1982",Anderson Mesa,E. Bowell,moon,4.7
3750,"October 14, 1982",Nauchnij,L. G. Karachkina,EOS,12.0
3751,"July 10, 1983",Anderson Mesa,E. Bowell,·,24.0
3752,"August 15, 1985",Caussols,"E. F. Helin , M. A. Barucci",APO + 1 km (0.62 mi),2.3
3753,"October 10, 1986",Siding Spring,J. D. Waldron,ATE +1 km (0.62 mi),2.1
3754,"March 16, 1931",Flagstaff,C. W. Tombaugh,·,54.0
3755,"September 19, 1950",Uccle,S. J. Arend,·,4.8
3756,"June 25, 1979",Siding Spring,"E. F. Helin , S. J. Bus",·,8.4
3757,"December 14, 1982",Palomar,E. F. Helin,AMO · APO · PHA,0.5
3758,"November 28, 1983",Anderson Mesa,E. Bowell,EUN,7.8
3759,"January 8, 1984",Anderson Mesa,E. Bowell,·,32.0
3760,"January 8, 1984",Anderson Mesa,E. Bowell,·,10.0
3761,"July 25, 1936",Crimea-Simeis,G. N. Neujmin,·,33.0
3762,"August 26, 1976",Nauchnij,N. S. Chernykh,·,3.9
3763,"October 14, 1980",Nanking,Purple Mountain,·,7.0
3764,"October 10, 1980",Bickley,Perth Observatory,·,5.7
3765,"September 16, 1982",Caussols,K. Tomita,KOR,7.4
3766,"January 16, 1983",Anderson Mesa,E. Bowell,THM,25.0
3767,"June 3, 1986",Palomar,E. F. Helin,·,13.0
3768,"September 5, 1937",Johannesburg,C. Jackson,·,27.0
3769,"October 30, 1967",Hamburg-Bergedorf,"L. Kohoutek , Kriete, A.",·,4.8
3770,"August 24, 1974",Nauchnij,L. I. Chernykh,·,3.4
3771,"September 20, 1974",Nauchnij,L. V. Zhuravleva,(883),4.3
3772,"October 21, 1982",Nauchnij,L. G. Karachkina,EOS,19.0
3773,"December 23, 1984",Harvard Observatory,Oak Ridge Observatory,·,6.4
3774,"December 20, 1987",Chiyoda,T. Kojima,EOS,18.0
3775,"October 6, 1931",Flagstaff,C. W. Tombaugh,DOR,17.0
3776,"April 5, 1938",Turku,H. Alikoski,·,22.0
3777,"May 5, 1981",Palomar,C. S. Shoemaker,·,6.5
3778,"April 26, 1984",La Silla,W. Ferreri,KOR,8.7
3779,"May 13, 1985",Palomar,C. S. Shoemaker,EUN,15.0
3780,"September 14, 1985",Anderson Mesa,E. Bowell,KOR,12.0
3781,"September 2, 1986",Kleť,A. Mrkos,KOR · slow,8.3
3782,"October 3, 1986",Brorfelde,P. Jensen,V · moon,5.9
3783,"October 7, 1986",Anderson Mesa,E. Bowell,·,4.9
3784,"October 31, 1986",Haute-Provence,E. W. Elst,·,29.0
3785,"November 30, 1986",Geisei,T. Seki,THM,20.0
3786,"January 10, 1988",Chiyoda,T. Kojima,MAR,13.0
3787,"September 11, 1977",Nauchnij,N. S. Chernykh,·,12.0
3788,"August 29, 1986",La Silla,H. Debehogne,GEF,9.8
3789,"October 25, 1928",Williams Bay,Y. C. Chang,CYB · 2:1J,14.0
3790,"October 26, 1937",Heidelberg,K. Reinmuth,THM,14.0
3791,"November 17, 1981",Kleť,A. Mrkos,KOR ·,12.0
3792,"March 22, 1985",Palomar,C. S. Shoemaker,PHO · moon,5.2
3793,"October 11, 1985",Palomar,C. S. Shoemaker,L4,112.0
3794,"October 12, 1985",Palomar,C. S. Shoemaker,L4,35.0
3795,"April 8, 1986",Palomar,E. F. Helin,·,10.0
3796,"December 6, 1986",Brorfelde,P. Jensen,·,19.0
3797,"December 22, 1987",Harvard Observatory,Oak Ridge Observatory,THM,12.0
3798,"October 16, 1977",Palomar,"C. J. van Houten , I. van Houten-Groeneveld , T. Gehrels",·,4.7
3799,"September 22, 1979",Nauchnij,N. S. Chernykh,THM,17.0
3800,"January 4, 1984",Palomar,E. F. Helin,·,1.6
3801,"November 6, 1985",Kitt Peak,Spacewatch,L4,34.0
3802,"August 7, 1986",Tautenburg Observatory,F. Börngen,·,3.9
3803,"October 2, 1981",Nauchnij,L. V. Zhuravleva,·,38.0
3804,"October 8, 1969",Nauchnij,L. I. Chernykh,KOR,8.8
3805,"February 28, 1981",Siding Spring,S. J. Bus,EUN,13.0
3806,"March 1, 1981",Siding Spring,S. J. Bus,(887),4.8
3807,"September 26, 1981",Anderson Mesa,"B. A. Skiff , N. G. Thomas",·,5.5
3808,"March 24, 1982",Tautenburg Observatory,F. Börngen,·,4.7
3809,"March 26, 1984",Bologna,San Vittore,·,8.2
3810,"February 20, 1985",Lake Tekapo,"A. C. Gilmore , P. M. Kilmartin",·,5.6
3811,"October 13, 1953",Turku,L. Oterma,KRM,30.0
3812,"January 11, 1965",Nanking,Purple Mountain,·,34.0
3813,"August 30, 1970",Nauchnij,T. M. Smirnova,(254),5.1
3814,"May 4, 1981",Tōkai,T. Furuta,THM,15.0
3815,"April 15, 1959",Heidelberg,"Konig, A., Jackisch, G., W. Wenzel",KON,20.0
3816,"November 8, 1975",Nauchnij,N. S. Chernykh,EUN,12.0
3817,"June 25, 1979",Siding Spring,"E. F. Helin , S. J. Bus",slow,3.4
3818,"August 20, 1979",Nauchnij,N. S. Chernykh,NYS ·,8.8
3819,"January 12, 1983",Anderson Mesa,B. A. Skiff,·,10.0
3820,"February 25, 1984",La Silla,H. Debehogne,EOS,13.0
3821,"September 6, 1985",La Silla,H. Debehogne,·,15.0
3822,"February 21, 1988",Geisei,T. Seki,·,5.0
3823,"March 10, 1988",Yorii,"M. Arai , H. Mori",·,12.0
3824,"October 5, 1929",Flagstaff,C. W. Tombaugh,·,5.2
3825,"October 30, 1967",Hamburg-Bergedorf,L. Kohoutek,·,6.5
3826,"October 27, 1973",Tautenburg Observatory,F. Börngen,·,4.8
3827,"November 3, 1986",Kleť,A. Mrkos,NEM,12.0
3828,"November 22, 1986",Toyota,"K. Suzuki , T. Urata",·,19.0
3829,"March 10, 1988",Chiyoda,T. Kojima,DOR,24.0
3830,"September 11, 1986",Brorfelde,P. Jensen,EOS,18.0
3831,"October 7, 1986",Anderson Mesa,E. Bowell,·,5.8
3832,"August 30, 1981",Anderson Mesa,E. Bowell,THM,16.0
3833,"September 27, 1971",El Leoncito,"Gibson, J., C. U. Cesco",slow,2.1
3834,"May 11, 1980",Kleť,L. Brožek,·,9.9
3835,"September 23, 1977",Nauchnij,N. S. Chernykh,EUN,9.8
3836,"September 22, 1979",Nauchnij,N. S. Chernykh,fast,4.1
3837,"May 6, 1981",Palomar,C. S. Shoemaker,·,6.8
3838,"November 27, 1986",Palomar,A. Maury,APO + 1 km (0.62 mi),2.6
3839,"July 26, 1971",Nauchnij,N. S. Chernykh,slow,7.4
3840,"October 9, 1980",Palomar,C. S. Shoemaker,·,5.2
3841,"November 4, 1983",Anderson Mesa,B. A. Skiff,moon,6.3
3842,"March 21, 1985",Anderson Mesa,E. Bowell,·,7.0
3843,"February 28, 1987",Gekko,Y. Oshima,3:2,31.0
3844,"January 30, 1966",Nanking,Purple Mountain,·,16.0
3845,"September 22, 1979",Nauchnij,N. S. Chernykh,CYB,26.0
3846,"October 9, 1980",Palomar,C. S. Shoemaker,·,22.0
3847,"February 16, 1982",Kleť,A. Mrkos,·,19.0
3848,"March 21, 1982",La Silla,H. Debehogne,·,9.9
3849,"March 31, 1984",Anderson Mesa,E. Bowell,·,5.8
3850,"October 7, 1986",Anderson Mesa,E. Bowell,·,5.5
3851,"October 30, 1986",Geisei,T. Seki,·,6.5
3852,"February 24, 1987",La Silla,H. Debehogne,THM,19.0
3853,"November 24, 1981",Anderson Mesa,E. Bowell,slow,8.1
3854,"March 13, 1983",Palomar,"C. S. Shoemaker , E. M. Shoemaker",H,3.0
3855,"July 4, 1986",Palomar,E. F. Helin,·,5.7
3856,"August 26, 1976",Nauchnij,N. S. Chernykh,KOR,10.0
3857,"February 8, 1984",Anderson Mesa,E. Bowell,NYS,5.8
3858,"October 3, 1986",Brorfelde,P. Jensen,·,3.3
3859,"March 4, 1987",Anderson Mesa,E. Bowell,THM,21.0
3860,"August 8, 1986",Smolyan,"E. W. Elst , V. G. Ivanova",GEF,13.0
3861,"March 30, 1910",Heidelberg,J. Helffrich,·,8.2
3862,"May 18, 1972",Nauchnij,T. M. Smirnova,·,6.5
3863,"September 26, 1978",Nauchnij,L. V. Zhuravleva,·,6.5
3864,"December 6, 1986",Brorfelde,P. Jensen,·,8.3
3865,"January 13, 1988",La Silla,H. Debehogne,moon,8.0
3866,"January 20, 1988",La Silla,H. Debehogne,·,23.0
3867,"April 16, 1988",Kitami,"M. Yanai , K. Watanabe",·,5.3
3868,"September 24, 1960",Palomar,"C. J. van Houten , I. van Houten-Groeneveld , T. Gehrels",moon,8.6
3869,"May 3, 1981",Anderson Mesa,E. Bowell,·,8.4
3870,"February 13, 1988",La Silla,E. W. Elst,EUN,12.0
3871,"February 18, 1982",La Silla,R. M. West,URS,20.0
3872,"January 12, 1983",Anderson Mesa,B. A. Skiff,·,13.0
3873,"November 21, 1984",Palomar,C. S. Shoemaker,H · moon,5.0
3874,"October 4, 1986",Anderson Mesa,E. Bowell,·,8.5
3875,"May 17, 1988",Palomar,E. F. Helin,·,6.6
3876,"May 19, 1988",Palomar,E. F. Helin,EOS,17.0
3877,"September 24, 1960",Palomar,"C. J. van Houten , I. van Houten-Groeneveld , T. Gehrels",EUN,9.6
3878,"November 14, 1982",Kiso,"H. Kosai , K. Furukawa",THM,14.0
3879,"August 16, 1983",Kleť,Z. Vávrová,·,5.7
3880,"November 21, 1984",Palomar,"C. S. Shoemaker , E. M. Shoemaker",H,3.1
3881,"November 15, 1925",Algiers,B. Jekhovsky,NYS,11.0
3882,"September 7, 1962",Brooklyn,Indiana University,·,5.9
3883,"September 7, 1972",Nauchnij,N. S. Chernykh,·,12.0
3884,"March 13, 1977",Nauchnij,N. S. Chernykh,THM · slow,13.0
3885,"April 25, 1979",Nauchnij,N. S. Chernykh,·,15.0
3886,"September 3, 1981",Nauchnij,N. S. Chernykh,·,19.0
3887,"August 22, 1985",Kleť,A. Mrkos,EOS,8.6
3888,"March 28, 1984",Palomar,C. S. Shoemaker,PHO,5.2
3889,"September 6, 1972",Nauchnij,L. V. Zhuravleva,MIS,14.0
3890,"December 18, 1976",Nauchnij,L. I. Chernykh,·,9.8
3891,"March 3, 1981",Siding Spring,S. J. Bus,NYS,3.2
3892,"April 19, 1941",Turku,L. Oterma,EUN,7.8
3893,"March 20, 1980",Perth Observatory,M. P. Candy,·,13.0
3894,"August 14, 1980",Perth Observatory,"Jekabsons, P., M. P. Candy",EUN,8.8
3895,"February 23, 1987",Palomar,C. S. Shoemaker,PHO,10.0
3896,"November 18, 1987",Chions,J. M. Baur,EOS,18.0
3897,"September 8, 1942",Turku,Y. Väisälä,·,11.0
3898,"September 26, 1981",Perth Observatory,M. P. Candy,THM,16.0
3899,"September 17, 1982",Kleť,"Mahrová, M.",THM,21.0
3900,"September 14, 1985",Anderson Mesa,E. Bowell,·,5.0
3901,"April 7, 1958",Nanking,Purple Mountain,·,19.0
3902,"January 14, 1986",Karasuyama,"S. Inoda , T. Urata",URS,28.0
3903,"September 20, 1987",Smolyan,E. W. Elst,KOR,9.8
3904,"February 22, 1988",Siding Spring,R. H. McNaught,·,15.0
3905,"August 28, 1984",Kleť,A. Mrkos,moon,8.0
3906,"May 31, 1987",Palomar,C. S. Shoemaker,·,46.0
3907,"August 14, 1904",Heidelberg,M. F. Wolf,·,8.6
3908,"August 6, 1980",La Silla,H.-E. Schuster,AMO + 1 km (0.62 mi),1.0
3909,"May 15, 1988",Anderson Mesa,"Zeigler, K. W.",EUN,10.0
3910,"September 16, 1988",Haute-Provence,E. W. Elst,GEF,10.0
3911,"August 31, 1940",Heidelberg,K. Reinmuth,EOS,19.0
3912,"September 16, 1988",Haute-Provence,E. W. Elst,moon,5.9
3913,"December 2, 1986",Caussols,CERGA,PHO,6.4
3914,"September 16, 1987",Geisei,T. Seki,EOS,15.0
3915,"August 15, 1988",Kitami,"M. Yanai , K. Watanabe",PHO,22.0
3916,"August 24, 1981",La Silla,H. Debehogne,·,20.0
3917,"February 15, 1961",Tautenburg Observatory,F. Börngen,·,5.1
3918,"August 13, 1988",Haute-Provence,E. W. Elst,moon,6.3
3919,"February 23, 1984",La Silla,H. Debehogne,·,4.8
3920,"November 28, 1948",Uccle,S. J. Arend,·,6.0
3921,"July 19, 1971",Nauchnij,B. A. Burnasheva,·,17.0
3922,"September 26, 1971",Cerro El Roble,C. Torres,·,14.0
3923,"September 24, 1976",Nauchnij,N. S. Chernykh,3:2 · SHU,30.0
3924,"February 11, 1977",Palomar,"E. Bowell , C. T. Kowal",·,17.0
3925,"September 19, 1977",Nauchnij,L. V. Zhuravleva,·,51.0
3926,"November 7, 1978",Palomar,"E. F. Helin , S. J. Bus",·,3.9
3927,"May 5, 1981",Palomar,"C. S. Shoemaker , E. M. Shoemaker",·,4.0
3928,"August 4, 1981",Zimmerwald,P. Wild,·,5.7
3929,"November 16, 1981",Perth Observatory,"Jekabsons, P.",·,6.0
3930,"October 25, 1982",Nauchnij,L. V. Zhuravleva,THM,18.0
3931,"March 1, 1984",Anderson Mesa,E. Bowell,·,3.1
3932,"September 27, 1984",Palomar,"Nolan, M. C., C. S. Shoemaker",·,12.0
3933,"March 12, 1986",La Silla,R. M. West,THM,15.0
3934,"February 23, 1987",Brorfelde,"P. Jensen , K. Augustesen , Fogh Olsen, H. J.",EUN,8.1
3935,"August 14, 1987",Geisei,T. Seki,slow,9.6
3936,"October 16, 1977",Palomar,"C. J. van Houten , I. van Houten-Groeneveld , T. Gehrels",V,4.7
3937,"March 14, 1932",Heidelberg,K. Reinmuth,EOS,16.0
3938,"August 2, 1949",Heidelberg,K. Reinmuth,·,9.8
3939,"April 7, 1953",Heidelberg,K. Reinmuth,·,31.0
3940,"March 27, 1973",Nauchnij,L. V. Zhuravleva,H,5.1
3941,"October 27, 1973",Tautenburg Observatory,F. Börngen,KOR,6.0
3942,"September 11, 1977",Nauchnij,N. S. Chernykh,·,7.1
3943,"September 3, 1981",Tautenburg Observatory,F. Börngen,(2076),5.6
3944,"November 24, 1981",Anderson Mesa,E. Bowell,V,5.9
3945,"August 14, 1982",Nauchnij,N. S. Chernykh,slow,21.0
3946,"March 5, 1983",Nauchnij,L. G. Karachkina,THM,17.0
3947,"December 1, 1983",Anderson Mesa,E. Bowell,·,16.0
3948,"September 15, 1985",Brorfelde,P. Jensen,·,5.1
3949,"October 20, 1985",Kleť,A. Mrkos,·,5.7
3950,"February 8, 1986",Karasuyama,"S. Inoda , T. Urata",EOS,10.0
3951,"February 13, 1986",Bologna,San Vittore,moon,6.7
3952,"March 14, 1986",Smolyan,Bulgarian National Observatory,NYS,4.7
3953,"November 6, 1986",Anderson Mesa,E. Bowell,·,4.8
3954,"April 24, 1987",Tautenburg Observatory,F. Börngen,·,3.2
3955,"September 9, 1988",Tautenburg Observatory,F. Börngen,EOS,18.0
3956,"November 3, 1988",Brorfelde,P. Jensen,·,5.4
3957,"July 24, 1933",Heidelberg,K. Reinmuth,·,23.0
3958,"October 10, 1953",Crimea-Simeis,P. F. Shajn,·,6.1
3959,"October 28, 1954",Brooklyn,Indiana University,moon,4.1
3960,"January 20, 1955",Nanking,Purple Mountain,·,9.0
3961,"July 31, 1962",Brooklyn,Indiana University,EUN,10.0
3962,"February 8, 1967",Nauchnij,T. M. Smirnova,THM,16.0
3963,"October 8, 1969",Nauchnij,L. I. Chernykh,NYS,5.8
3964,"September 12, 1974",Nauchnij,L. V. Zhuravleva,GEF,6.0
3965,"November 8, 1975",Nauchnij,N. S. Chernykh,EUN,9.5
3966,"September 24, 1976",Nauchnij,N. S. Chernykh,·,21.0
3967,"December 16, 1976",Nauchnij,L. I. Chernykh,URS,29.0
3968,"October 8, 1978",Nauchnij,L. I. Chernykh,V,5.1
3969,"October 9, 1978",Nauchnij,L. V. Zhuravleva,moon,3.9
3970,"June 28, 1979",Cerro El Roble,C. Torres,MAR,8.6
3971,"December 23, 1979",Nauchnij,L. V. Zhuravleva,·,32.0
3972,"May 6, 1981",Palomar,C. S. Shoemaker,·,4.1
3973,"October 30, 1981",Socorro,"Taff, L. G.",·,6.2
3974,"March 28, 1982",Anderson Mesa,E. Bowell,EUN,8.3
3975,"October 19, 1982",Tautenburg Observatory,F. Börngen,KOR,9.7
3976,"May 6, 1983",Anderson Mesa,N. G. Thomas,·,29.0
3977,"June 14, 1983",Palomar,"C. S. Shoemaker , E. M. Shoemaker",EUN,10.0
3978,"November 7, 1983",Kleť,Z. Vávrová,·,29.0
3979,"November 8, 1983",Kleť,A. Mrkos,·,19.0
3980,"December 4, 1983",Kleť,A. Mrkos,THM ·,11.0
3981,"January 26, 1984",Kleť,A. Mrkos,THM · slow?,22.0
3982,"May 2, 1984",Nauchnij,L. G. Karachkina,moon,6.8
3983,"September 20, 1984",Kleť,A. Mrkos,·,16.0
3984,"September 21, 1984",La Silla,H. Debehogne,·,7.6
3985,"February 12, 1985",Palomar,C. S. Shoemaker,BRA,20.0
3986,"September 19, 1985",Nauchnij,N. S. Chernykh,·,6.8
3987,"March 5, 1986",Anderson Mesa,E. Bowell,·,14.0
3988,"June 4, 1986",Palomar,E. F. Helin,AMO + 1 km (0.62 mi),0.7
3989,"September 8, 1986",Brorfelde,P. Jensen,·,3.8
3990,"September 25, 1987",Brorfelde,P. Jensen,T j (2.99) · HIL · 3:2,36.0
3991,"September 26, 1987",Anderson Mesa,E. Bowell,·,5.6
3992,"September 29, 1987",Tautenburg Observatory,F. Börngen,EOS,17.0
3993,"November 4, 1988",Kleť,A. Mrkos,·,8.4
3994,"December 2, 1988",Ayashi Station,M. Koishikawa,·,14.0
3995,"December 5, 1988",Chiyoda,T. Kojima,·,9.5
3996,"December 5, 1988",Yorii,"M. Arai , H. Mori",·,5.2
3997,"December 6, 1988",Dynic,A. Sugie,NYS ·,9.6
3998,"January 1, 1989",Chiyoda,T. Kojima,·,6.9
3999,"January 5, 1989",Chiyoda,T. Kojima,·,18.0
4000,"January 4, 1989",Kushiro,"S. Ueda , H. Kaneda",(5),17.0
4001,"August 2, 1949",Heidelberg,K. Reinmuth,(1338) ( FLO ),4.6
4002,"May 14, 1950",Heidelberg,K. Reinmuth,slow,10.0
4003,"March 8, 1964",Tautenburg Observatory,F. Börngen,CYB,36.0
4004,"September 16, 1971",Nauchnij,Crimean Astrophysical Observatory,·,25.0
4005,"October 8, 1972",Nauchnij,L. V. Zhuravleva,·,7.7
4006,"December 29, 1972",Nauchnij,T. M. Smirnova,·,16.0
4007,"September 19, 1973",Palomar,"C. J. van Houten , I. van Houten-Groeneveld , T. Gehrels",L4,46.0
4008,"January 22, 1977",El Leoncito,Félix Aguilar Observatory,PHO,5.4
4009,"March 13, 1977",Nauchnij,N. S. Chernykh,THM,18.0
4010,"August 21, 1977",Nauchnij,N. S. Chernykh,·,5.4
4011,"September 28, 1978",Nauchnij,N. S. Chernykh,·,3.7
4012,"November 7, 1978",Palomar,"E. F. Helin , S. J. Bus",·,5.8
4013,"July 21, 1979",Nauchnij,N. S. Chernykh,THM ·,16.0
4014,"September 28, 1979",Nauchnij,N. S. Chernykh,CYB,37.0
4015,"November 15, 1979",Palomar,E. F. Helin,APO + 1 km (0.62 mi) · PHA · Comet (107P),4.0
4016,"December 15, 1979",La Silla,"H. Debehogne , Netto, E. R.",·,8.3
4017,"February 21, 1980",Nauchnij,L. G. Karachkina,·,9.3
4018,"December 30, 1980",Kleť,A. Mrkos,·,12.0
4019,"March 1, 1981",Siding Spring,S. J. Bus,·,3.4
4020,"March 1, 1981",Siding Spring,S. J. Bus,·,6.9
4021,"August 30, 1981",Anderson Mesa,E. Bowell,·,4.5
4022,"October 8, 1981",Nauchnij,L. I. Chernykh,·,3.7
4023,"October 25, 1981",Kleť,L. Brožek,·,5.6
4024,"November 24, 1981",Anderson Mesa,E. Bowell,slow,12.0
4025,"November 24, 1981",Anderson Mesa,E. Bowell,·,4.4
4026,"January 30, 1982",Anderson Mesa,E. Bowell,NYS · slow,13.0
4027,"February 21, 1982",Anderson Mesa,E. Bowell,NYS,8.4
4028,"February 18, 1982",Socorro,"Taff, L. G.",(5),7.3
4029,"May 24, 1982",Palomar,"C. S. Shoemaker , S. J. Bus",moon,7.4
4030,"March 2, 1984",La Silla,H. Debehogne,·,7.0
4031,"February 12, 1985",Palomar,C. S. Shoemaker,H ·,3.9
4032,"October 22, 1985",Nauchnij,L. V. Zhuravleva,·,4.5
4033,"March 16, 1986",Kobuchizawa,"Inoue, M., O. Muramatsu",·,4.8
4034,"August 2, 1986",Palomar,E. F. Helin,APO · PHA,0.42
4035,"November 22, 1986",Toyota,"K. Suzuki , T. Urata",L4,69.0
4036,"February 21, 1987",La Silla,H. Debehogne,slow,11.0
4037,"March 2, 1987",Toyota,"K. Suzuki , T. Urata",·,7.1
4038,"August 21, 1987",La Silla,E. W. Elst,V,4.3
4039,"September 17, 1987",Geisei,T. Seki,·,6.6
4040,"September 21, 1987",Anderson Mesa,E. Bowell,·,12.0
4041,"February 19, 1988",Chiyoda,T. Kojima,EOS,26.0
4042,"January 15, 1989",Kitami,"K. Endate , K. Watanabe",NYS ·,8.6
4043,"October 17, 1977",Palomar,"C. J. van Houten , I. van Houten-Groeneveld , T. Gehrels",·,18.0
4044,"October 16, 1977",Palomar,"C. J. van Houten, I. van Houten-Groeneveld, T. Gehrels",EOS,15.0
4045,"September 9, 1953",Brooklyn,Indiana University,·,31.0
4046,"October 7, 1953",Brooklyn,Indiana University,·,13.0
4047,"October 8, 1964",Nanking,Purple Mountain,·,9.6
4048,"October 30, 1964",Brooklyn,Indiana University,·,3.4
4049,"August 31, 1973",Nauchnij,T. M. Smirnova,·,19.0
4050,"September 20, 1976",Kvistaberg,"C.-I. Lagerkvist , Rickman, H.",·,17.0
4051,"November 1, 1978",Caussols,K. Tomita,AGN,7.7
4052,"February 28, 1981",Siding Spring,S. J. Bus,EOS,13.0
4053,"October 2, 1981",Nauchnij,L. V. Zhuravleva,·,7.7
4054,"October 5, 1983",Kleť,A. Mrkos,·,12.0
4055,"February 24, 1985",Palomar,E. F. Helin,AMO + 1 km (0.62 mi),2.5
4056,"March 22, 1985",Anderson Mesa,E. Bowell,EUN,7.6
4057,"October 15, 1985",Anderson Mesa,E. Bowell,L4,46.0
4058,"May 4, 1986",Anderson Mesa,E. Bowell,EOS,15.0
4059,"September 29, 1987",Brorfelde,P. Jensen,EOS ·,17.0
4060,"December 17, 1987",La Silla,"E. W. Elst , G. Pizarro",L4,84.0
4061,"March 19, 1988",La Silla,W. Ferreri,THM,19.0
4062,"January 28, 1989",Bologna,San Vittore,·,5.5
4063,"February 1, 1989",Bologna,San Vittore,L4,96.0
4064,"September 24, 1960",Palomar,"C. J. van Houten , I. van Houten-Groeneveld , T. Gehrels",·,6.0
4065,"September 24, 1960",Palomar,"C. J. van Houten, I. van Houten-Groeneveld, T. Gehrels",·,3.9
4066,"September 7, 1940",Turku,H. Alikoski,slow,4.1
4067,"October 11, 1966",Nauchnij,N. S. Chernykh,·,7.4
4068,"September 19, 1973",Palomar,"C. J. van Houten , I. van Houten-Groeneveld , T. Gehrels",L4,68.0
4069,"November 7, 1978",Palomar,"E. F. Helin , S. J. Bus",·,4.0
4070,"September 8, 1980",Nauchnij,L. V. Zhuravleva,·,5.2
4071,"September 7, 1981",Nauchnij,L. G. Karachkina,slow,26.0
4072,"October 30, 1981",Kiso,"H. Kosai , K. Furukawa",·,4.7
4073,"October 23, 1981",Nanking,Purple Mountain,THM,13.0
4074,"October 22, 1981",Nauchnij,N. S. Chernykh,EOS,12.0
4075,"October 14, 1982",Nauchnij,L. G. Karachkina,·,10.0
4076,"October 19, 1982",Tautenburg Observatory,F. Börngen,KOR,9.0
4077,"December 13, 1982",Kiso,"H. Kosai , K. Furukawa",EOS,19.0
4078,"January 9, 1983",Anderson Mesa,B. A. Skiff,EOS,20.0
4079,"February 15, 1983",Anderson Mesa,E. Bowell,THM,16.0
4080,"August 4, 1983",Nauchnij,L. G. Karachkina,·,5.8
4081,"September 14, 1983",Anderson Mesa,E. Bowell,·,7.6
4082,"September 27, 1984",Palomar,C. S. Shoemaker,·,9.5
4083,"February 12, 1985",Palomar,C. S. Shoemaker,·,9.6
4084,"April 14, 1985",Anderson Mesa,E. Bowell,KOR,10.0
4085,"May 13, 1985",Palomar,C. S. Shoemaker,EUN,9.2
4086,"November 9, 1985",Nauchnij,L. V. Zhuravleva,L4,85.0
4087,"March 5, 1986",Anderson Mesa,E. Bowell,·,6.4
4088,"April 3, 1986",Brorfelde,P. Jensen,·,6.5
4089,"May 2, 1986",Palomar,Palomar,·,5.1
4090,"September 2, 1986",Kleť,A. Mrkos,NYS,7.2
4091,"October 7, 1986",Anderson Mesa,E. Bowell,·,23.0
4092,"October 8, 1986",Brorfelde,P. Jensen,moon,9.5
4093,"November 4, 1986",Siding Spring,R. H. McNaught,EOS,25.0
4094,"August 26, 1987",Shizuoka,"M. Kizawa , Kakei, W.",·,13.0
4095,"September 16, 1987",Geisei,T. Seki,·,4.8
4096,"November 15, 1987",Kushiro,"S. Ueda , H. Kaneda",GEF,7.7
4097,"November 18, 1987",Geisei,T. Seki,·,4.7
4098,"November 26, 1987",Tautenburg Observatory,F. Börngen,THM,14.0
4099,"January 13, 1988",La Silla,H. Debehogne,MAR,7.5
4100,"January 16, 1988",Okutama,"Hioki, T., N. Kawasato",EOS,16.0
4101,"February 8, 1988",Geisei,T. Seki,·,8.2
4102,"October 15, 1988",Smolyan,V. G. Ivanova,EOS,12.0
4103,"March 4, 1989",Palomar,E. F. Helin,PHO · slow,16.0
4104,"March 5, 1989",Palomar,E. F. Helin,MAR,8.6
4105,"March 5, 1989",Palomar,E. F. Helin,·,13.0
4106,"March 6, 1989",Minami-Oda,"T. Nomura , K. Kawanishi",·,20.0
4107,"April 7, 1989",Palomar,E. F. Helin,·,13.0
4108,"October 16, 1977",Palomar,"C. J. van Houten , I. van Houten-Groeneveld , T. Gehrels",·,10.0
4109,"July 17, 1969",Nauchnij,B. A. Burnasheva,·,4.8
4110,"February 13, 1977",Palomar,E. Bowell,·,23.0
4111,"March 1, 1981",Siding Spring,S. J. Bus,·,3.2
4112,"September 25, 1981",Kleť,"Mahrová, M.",·,46.0
4113,"January 18, 1982",Anderson Mesa,E. Bowell,BAP,7.3
4114,"August 19, 1982",Kleť,Z. Vávrová,·,5.5
4115,"August 29, 1982",Nauchnij,N. S. Chernykh,EOS,14.0
4116,"September 20, 1982",Palomar,E. F. Helin,H,4.7
4117,"September 24, 1982",Tautenburg Observatory,F. Börngen,·,6.5
4118,"October 15, 1982",Nauchnij,L. V. Zhuravleva,EOS,13.0
4119,"January 16, 1983",Anderson Mesa,E. Bowell,fast,13.0
4120,"September 14, 1985",La Silla,H. Debehogne,·,15.0
4121,"May 2, 1986",Palomar,INAS,PHO,6.9
4122,"July 28, 1986",Bologna,San Vittore,·,8.9
4123,"August 27, 1986",La Silla,H. Debehogne,KOR,6.5
4124,"September 29, 1986",Kleť,Z. Vávrová,HOF,19.0
4125,"June 28, 1987",Palomar,E. F. Helin,H,6.4
4126,"January 19, 1988",Kitami,"K. Endate , K. Watanabe",THM,20.0
4127,"January 25, 1988",Kushiro,"S. Ueda , H. Kaneda",·,8.5
4128,"January 28, 1988",Siding Spring,R. H. McNaught,EUN,4.5
4129,"February 22, 1988",Siding Spring,R. H. McNaught,·,5.4
4130,"February 17, 1988",Kavalur,"Rajamohan, R.",EOS,13.0
4131,"February 23, 1988",Siding Spring,"Noymer, A. J.",·,29.0
4132,"March 12, 1988",Palomar,J. Alu,·,9.7
4133,"February 17, 1942",Turku,L. Oterma,EUN,9.4
4134,"February 15, 1961",Tautenburg Observatory,F. Börngen,·,4.1
4135,"August 14, 1966",Nauchnij,"L. I. Chernykh , T. M. Smirnova",DOR,24.0
4136,"March 28, 1968",Nauchnij,T. M. Smirnova,·,11.0
4137,"November 24, 1970",Hamburg-Bergedorf,L. Kohoutek,·,6.5
4138,"September 19, 1973",Palomar,"C. J. van Houten , I. van Houten-Groeneveld , T. Gehrels",L4,46.0
4139,"November 2, 1975",Nauchnij,T. M. Smirnova,THM,13.0
4140,"November 11, 1976",El Leoncito,Félix Aguilar Observatory,·,34.0
4141,"August 8, 1978",Nauchnij,N. S. Chernykh,·,15.0
4142,"May 28, 1981",Kleť,Z. Vávrová,H · slow,6.0
4143,"August 29, 1981",Socorro,"Taff, L. G.",THM,17.0
4144,"September 28, 1981",Nauchnij,L. V. Zhuravleva,·,32.0
4145,"September 29, 1981",Nauchnij,L. V. Zhuravleva,·,5.3
4146,"February 16, 1982",Kleť,L. Brožek,·,4.8
4147,"January 12, 1983",Anderson Mesa,B. A. Skiff,V · slow?,5.2
4148,"July 11, 1983",Anderson Mesa,E. Bowell,·,7.3
4149,"March 9, 1984",Anderson Mesa,B. A. Skiff,EUN ·,10.0
4150,"August 31, 1984",Anderson Mesa,B. A. Skiff,·,6.6
4151,"April 24, 1985",Palomar,"C. S. Shoemaker , E. M. Shoemaker",THM,20.0
4152,"May 15, 1985",Anderson Mesa,E. Bowell,·,20.0
4153,"May 14, 1985",Palomar,C. S. Shoemaker,THM,17.0
4154,"July 10, 1985",Lake Tekapo,"A. C. Gilmore , P. M. Kilmartin",·,6.2
4155,"October 25, 1987",Kushiro,"S. Ueda , H. Kaneda",·,6.0
4156,"January 16, 1988",Chiyoda,T. Kojima,·,15.0
4157,"December 11, 1988",Gekko,Y. Oshima,ADE,21.0
4158,"January 28, 1989",Bologna,San Vittore,CYB · slow,17.0
4159,"April 5, 1989",Palomar,E. F. Helin,·,17.0
4160,"June 3, 1989",Palomar,E. F. Helin,·,10.0
4161,"September 24, 1960",Palomar,"C. J. van Houten , I. van Houten-Groeneveld , T. Gehrels",·,16.0
4162,"November 24, 1940",Nice,A. Patry,·,25.0
4163,"April 19, 1941",Turku,L. Oterma,EOS,20.0
4164,"October 16, 1969",Nauchnij,L. I. Chernykh,EUN,10.0
4165,"April 1, 1976",Nauchnij,N. S. Chernykh,·,8.0
4166,"September 26, 1978",Nauchnij,L. V. Zhuravleva,·,8.0
4167,"October 2, 1978",Nauchnij,L. V. Zhuravleva,MAR,13.0
4168,"March 6, 1979",El Leoncito,Félix Aguilar Observatory,·,6.9
4169,"March 16, 1980",La Silla,C.-I. Lagerkvist,CYB,37.0
4170,"August 6, 1980",Kleť,Z. Vávrová,EOS,17.0
4171,"March 23, 1982",Palomar,C. S. Shoemaker,·,4.9
4172,"March 20, 1982",La Silla,H. Debehogne,·,3.4
4173,"May 27, 1982",Palomar,C. S. Shoemaker,·,12.0
4174,"September 16, 1982",Nauchnij,L. I. Chernykh,THM,22.0
4175,"April 15, 1985",Anderson Mesa,E. Bowell,·,8.9
4176,"February 24, 1987",Kleť,A. Mrkos,THM,19.0
4177,"September 21, 1987",Anderson Mesa,E. Bowell,CYB · 2:1J,11.0
4178,"March 13, 1988",Palomar,E. F. Helin,(3460),16.0
4179,"January 4, 1989",Caussols,C. Pollas,APO + 1 km (0.62 mi) · (887) · PHA · slow,5.4
4180,"September 24, 1960",Palomar,"C. J. van Houten , I. van Houten-Groeneveld , T. Gehrels",·,9.7
4181,"February 24, 1938",Turku,Y. Väisälä,slow,8.3
4182,"May 2, 1951",Fort Davis,McDonald Observatory,GEF,10.0
4183,"June 5, 1959",Bloemfontein,C. Hoffmeister,APO + 1 km (0.62 mi) · PHA,3.7
4184,"October 8, 1969",Nauchnij,L. I. Chernykh,·,7.6
4185,"March 4, 1975",Nauchnij,T. M. Smirnova,·,6.1
4186,"February 18, 1977",Kiso,"H. Kosai , K. Furukawa",·,30.0
4187,"April 11, 1978",Nauchnij,N. S. Chernykh,·,14.0
4188,"April 25, 1979",Nauchnij,N. S. Chernykh,·,6.6
4189,"September 22, 1979",Nauchnij,N. S. Chernykh,·,3.9
4190,"May 11, 1980",Kleť,L. Brožek,EUN,7.4
4191,"May 22, 1980",La Silla,H. Debehogne,EUN,7.4
4192,"February 28, 1981",La Silla,"H. Debehogne, G. de Sanctis",THM,21.0
4193,"September 26, 1981",Anderson Mesa,"B. A. Skiff , N. G. Thomas",THM,18.0
4194,"September 15, 1982",Anderson Mesa,E. Bowell,·,17.0
4195,"September 19, 1982",Nauchnij,L. I. Chernykh,KOR,9.7
4196,"September 16, 1982",Nauchnij,L. I. Chernykh,3:2,37.0
4197,"October 11, 1982",Palomar,"E. F. Helin , E. M. Shoemaker",APO + 1 km (0.62 mi),1.8
4198,"February 11, 1983",Anderson Mesa,N. G. Thomas,THM,12.0
4199,"September 1, 1983",La Silla,H. Debehogne,·,5.6
4200,"November 28, 1983",Karasuyama,"Y. Banno , T. Urata",·,8.0
4201,"May 3, 1984",Anderson Mesa,B. A. Skiff,·,33.0
4202,"February 12, 1985",La Silla,H. Debehogne,EOS,10.0
4203,"March 26, 1985",Palomar,C. S. Shoemaker,BRU,18.0
4204,"May 11, 1985",Palomar,C. S. Shoemaker,·,5.8
4205,"December 18, 1985",Anderson Mesa,E. Bowell,·,3.6
4206,"August 25, 1986",La Silla,H. Debehogne,KOR,8.5
4207,"September 5, 1986",Anderson Mesa,E. Bowell,EOS,13.0
4208,"September 6, 1986",Anderson Mesa,E. Bowell,·,30.0
4209,"October 4, 1986",Palomar,E. F. Helin,·,31.0
4210,"February 21, 1987",La Silla,H. Debehogne,EOS,10.0
4211,"September 12, 1987",La Silla,H. Debehogne,THM,25.0
4212,"September 28, 1987",Toyota,"K. Suzuki , T. Urata",·,17.0
4213,"September 25, 1987",Brorfelde,P. Jensen,·,5.9
4214,"October 22, 1987",Nauchnij,L. V. Zhuravleva,·,8.2
4215,"November 14, 1987",Kushiro,"S. Ueda , H. Kaneda",·,6.6
4216,"January 14, 1988",La Silla,H. Debehogne,·,2.4
4217,"January 24, 1988",Palomar,C. S. Shoemaker,PHO,8.7
4218,"January 16, 1988",La Silla,H. Debehogne,·,4.2
4219,"February 19, 1988",Kobuchizawa,"Inoue, M., O. Muramatsu",NYS · slow,10.0
4220,"February 22, 1988",Siding Spring,R. H. McNaught,DOR,11.0
4221,"March 13, 1988",Palomar,J. Alu,·,11.0
4222,"March 13, 1988",Palomar,E. F. Helin,·,9.6
4223,"May 7, 1988",Geisei,T. Seki,EOS,23.0
4224,"May 19, 1988",Palomar,E. F. Helin,·,35.0
4225,"January 31, 1989",Okutama,"Hioki, T., N. Kawasato",·,6.4
4226,"September 1, 1989",Haute-Provence,E. W. Elst,·,33.0
4227,"February 17, 1942",Turku,L. Oterma,NYS,8.3
4228,"July 25, 1968",Cerro El Roble,"Plyugin, G. A., Yu. A. Belyaev",·,3.5
4229,"January 22, 1971",Nauchnij,L. I. Chernykh,·,8.7
4230,"September 19, 1973",Palomar,"C. J. van Houten , I. van Houten-Groeneveld , T. Gehrels",3:2 · SHU,28.0
4231,"November 20, 1976",Harvard Observatory,Harvard Observatory,slow,13.0
4232,"February 13, 1977",El Leoncito,Félix Aguilar Observatory,H ·,3.3
4233,"September 11, 1977",Nauchnij,N. S. Chernykh,·,7.4
4234,"May 6, 1978",Nauchnij,N. S. Chernykh,THM,16.0
4235,"September 27, 1978",Nauchnij,L. I. Chernykh,·,10.0
4236,"March 23, 1979",Nauchnij,N. S. Chernykh,CYB · slow,33.0
4237,"September 24, 1979",Nauchnij,N. S. Chernykh,·,10.0
4238,"April 13, 1980",Kleť,A. Mrkos,·,5.7
4239,"July 17, 1980",Anderson Mesa,E. Bowell,·,4.4
4240,"March 2, 1981",Siding Spring,S. J. Bus,KOR,6.4
4241,"March 2, 1981",Siding Spring,S. J. Bus,KOR,3.5
4242,"March 28, 1981",Harvard Observatory,Harvard Observatory,THM,14.0
4243,"April 4, 1981",Lake Tekapo,"A. C. Gilmore , P. M. Kilmartin",EOS,18.0
4244,"October 7, 1981",Nauchnij,L. I. Chernykh,·,15.0
4245,"October 29, 1981",Nanking,Purple Mountain,·,10.0
4246,"September 24, 1982",Tautenburg Observatory,F. Börngen,·,4.8
4247,"November 28, 1983",Anderson Mesa,E. Bowell,(3460),12.0
4248,"April 23, 1984",Lake Tekapo,"A. C. Gilmore , P. M. Kilmartin",·,4.1
4249,"September 29, 1984",Kleť,A. Mrkos,·,10.0
4250,"October 20, 1984",Kleť,Z. Vávrová,·,23.0
4251,"May 11, 1985",Palomar,C. S. Shoemaker,NYS,4.3
4252,"September 11, 1985",La Silla,H. Debehogne,EUN,7.4
4253,"October 11, 1985",Palomar,C. S. Shoemaker,·,7.2
4254,"October 24, 1985",Kvistaberg,C.-I. Lagerkvist,EUN,9.6
4255,"April 4, 1986",Kitt Peak,Spacewatch,3:2 · SHU,15.0
4256,"October 3, 1986",Geisei,T. Seki,·,7.6
4257,"August 23, 1987",Palomar,J. E. Mueller,APO + 1 km (0.62 mi),2.3
4258,"September 1, 1987",Nauchnij,L. G. Karachkina,·,9.2
4259,"September 16, 1988",Cerro Tololo,S. J. Bus,KOR,9.2
4260,"January 4, 1989",Kushiro,"S. Ueda , H. Kaneda",KOR,10.0
4261,"January 28, 1989",Gekko,Y. Oshima,AGN,6.7
4262,"February 5, 1989",Yorii,"M. Arai , H. Mori",·,6.4
4263,"September 7, 1989",Kitami,"M. Yanai , K. Watanabe",·,9.0
4264,"October 2, 1989",Siding Spring,"Cwach, K. F. J.",·,4.5
4265,"October 8, 1989",Kani,"Y. Mizuno , T. Furuta",·,14.0
4266,"December 28, 1940",Turku,Y. Väisälä,·,23.0
4267,"August 18, 1971",Nauchnij,T. M. Smirnova,·,2.7
4268,"October 5, 1972",Nauchnij,T. M. Smirnova,·,4.3
4269,"March 22, 1974",Cerro El Roble,C. Torres,·,5.1
4270,"October 1, 1975",El Leoncito,Félix Aguilar Observatory,PHO,8.3
4271,"April 3, 1976",Nauchnij,N. S. Chernykh,EOS,20.0
4272,"March 12, 1977",Kiso,"H. Kosai , K. Furukawa",moon,7.7
4273,"October 29, 1978",Nanking,Purple Mountain,NYS,4.5
4274,"September 6, 1980",Nauchnij,N. S. Chernykh,·,13.0
4275,"March 1, 1981",Siding Spring,S. J. Bus,EUN,3.8
4276,"December 2, 1981",Anderson Mesa,E. Bowell,·,4.7
4277,"January 15, 1982",Kleť,A. Mrkos,slow,10.0
4278,"September 22, 1982",Anderson Mesa,E. Bowell,(2076),4.5
4279,"November 19, 1982",Bologna,San Vittore,ERI,7.6
4280,"August 13, 1985",Nauchnij,N. S. Chernykh,slow,5.9
4281,"October 15, 1985",Anderson Mesa,E. Bowell,·,9.7
4282,"October 28, 1987",Kushiro,"S. Ueda , H. Kaneda",·,7.4
4283,"January 23, 1988",Palomar,C. S. Shoemaker,PHO · slow,7.0
4284,"March 16, 1988",Kushiro,"S. Ueda , H. Kaneda",·,11.0
4285,"July 11, 1988",Palomar,E. F. Helin,EUN,7.8
4286,"August 8, 1988",Nauchnij,L. I. Chernykh,KOR,10.0
4287,"September 7, 1989",Kleť,A. Mrkos,·,5.9
4288,"October 8, 1989",Chiyoda,T. Kojima,EUN · moon,12.0
4289,"October 29, 1989",Dynic,A. Sugie,·,7.7
4290,"October 30, 1989",Geisei,T. Seki,EOS,17.0
4291,"November 2, 1989",Yorii,"M. Arai , H. Mori",·,18.0
4292,"November 4, 1989",Ayashi Station,M. Koishikawa,·,25.0
4293,"November 1, 1989",Gekko,Y. Oshima,·,16.0
4294,"September 24, 1960",Palomar,"C. J. van Houten , I. van Houten-Groeneveld , T. Gehrels",·,8.5
4295,"September 24, 1960",Palomar,"C. J. van Houten, I. van Houten-Groeneveld, T. Gehrels",·,8.0
4296,"September 28, 1935",Johannesburg,H. van Gent,(883) · moon,6.1
4297,"April 19, 1938",Hamburg-Bergedorf,W. Dieckvoss,·,3.7
4298,"November 17, 1941",Barcelona,"Polit, I.",·,17.0
4299,"August 28, 1952",Brooklyn,Indiana University,·,7.9
4300,"September 18, 1955",Brooklyn,Indiana University,·,4.0
4301,"August 7, 1966",Bloemfontein,Boyden Observatory,THM,14.0
4302,"April 22, 1968",Nauchnij,T. M. Smirnova,·,7.4
4303,"September 25, 1973",Nauchnij,L. V. Zhuravleva,·,4.1
4304,"September 27, 1973",Nauchnij,L. I. Chernykh,·,8.4
4305,"March 7, 1976",Harvard Observatory,Harvard Observatory,·,7.9
4306,"September 24, 1976",Nauchnij,N. S. Chernykh,THM,9.4
4307,"October 26, 1976",Nauchnij,T. M. Smirnova,·,10.0
4308,"August 9, 1978",Nauchnij,N. S. Chernykh,·,9.5
4309,"August 30, 1978",Harvard Observatory,Harvard Observatory,·,5.5
4310,"September 2, 1978",La Silla,C.-I. Lagerkvist,·,3.6
4311,"September 26, 1978",Nauchnij,L. V. Zhuravleva,V,4.0
4312,"November 29, 1978",Palomar,"S. J. Bus , C. T. Kowal",·,12.0
4313,"April 21, 1979",La Silla,H. Debehogne,slow,19.0
4314,"June 25, 1979",Siding Spring,"E. F. Helin , S. J. Bus",·,5.8
4315,"September 24, 1979",Nauchnij,N. S. Chernykh,·,21.0
4316,"October 14, 1979",Nauchnij,N. S. Chernykh,KOR,9.7
4317,"February 19, 1980",Kleť,Z. Vávrová,HIL · 3:2,39.0
4318,"February 21, 1980",Kleť,Z. Vávrová,·,26.0
4319,"March 1, 1981",Siding Spring,S. J. Bus,·,4.1
4320,"March 1, 1981",Siding Spring,S. J. Bus,·,2.7
4321,"March 2, 1981",Siding Spring,S. J. Bus,·,11.0
4322,"March 11, 1981",Siding Spring,S. J. Bus,·,3.7
4323,"August 27, 1981",Zimmerwald,P. Wild,·,4.0
4324,"December 24, 1981",Socorro,"Taff, L. G.",·,12.0
4325,"April 18, 1982",Anderson Mesa,E. Bowell,MRX,9.2
4326,"April 28, 1982",Anderson Mesa,E. Bowell,·,16.0
4327,"May 24, 1982",Palomar,C. S. Shoemaker,slow,15.0
4328,"September 18, 1982",La Silla,H. Debehogne,·,3.5
4329,"September 22, 1982",Socorro,"Taff, L. G.",·,5.3
4330,"October 19, 1982",Tautenburg Observatory,F. Börngen,·,2.5
4331,"April 18, 1983",Anderson Mesa,N. G. Thomas,·,6.0
4332,"September 5, 1983",Palomar,C. S. Shoemaker,·,12.0
4333,"September 4, 1983",Anderson Mesa,E. Bowell,·,4.1
4334,"September 2, 1983",La Silla,H. Debehogne,THM,10.0
4335,"November 1, 1983",Cavriana,Cavriana,·,5.2
4336,"August 31, 1984",Anderson Mesa,B. A. Skiff,·,7.2
4337,"April 14, 1985",Anderson Mesa,E. Bowell,THM,20.0
4338,"August 14, 1985",Anderson Mesa,E. Bowell,·,4.0
4339,"October 20, 1985",Kleť,A. Mrkos,·,4.2
4340,"May 4, 1986",Palomar,C. S. Shoemaker,PHO,8.1
4341,"May 29, 1987",Palomar,C. S. Shoemaker,APO + 1 km (0.62 mi),3.2
4342,"August 21, 1987",La Silla,E. W. Elst,·,19.0
4343,"January 10, 1988",Kushiro,"S. Ueda , H. Kaneda",DOR,18.0
4344,"February 11, 1988",La Silla,E. W. Elst,THM,16.0
4345,"February 11, 1988",La Silla,E. W. Elst,KOR,9.5
4346,"February 23, 1988",Siding Spring,"Noymer, A. J.",EOS,11.0
4347,"August 13, 1988",Tautenburg Observatory,F. Börngen,·,17.0
4348,"September 11, 1988",Palomar,C. S. Shoemaker,L5,82.0
4349,"June 5, 1989",La Silla,W. Landgraf,·,28.0
4350,"October 26, 1989",Kushiro,"S. Ueda , H. Kaneda",moon,11.0
4351,"October 28, 1989",Kani,"Y. Mizuno , T. Furuta",KOR,8.2
4352,"October 29, 1989",Dynic,A. Sugie,·,12.0
4353,"November 25, 1989",Kani,"Y. Mizuno , T. Furuta",·,11.0
4354,"September 24, 1960",Palomar,"C. J. van Houten , I. van Houten-Groeneveld , T. Gehrels",DOR,12.0
4355,"October 17, 1960",Palomar,"C. J. van Houten, I. van Houten-Groeneveld, T. Gehrels",MAR,7.0
4356,"October 17, 1960",Palomar,"C. J. van Houten, I. van Houten-Groeneveld, T. Gehrels",DOR,11.0
4357,"September 29, 1973",Palomar,"C. J. van Houten, I. van Houten-Groeneveld, T. Gehrels",EOS,18.0
4358,"October 5, 1909",Greenwich,P. H. Cowell,EUN,9.1
4359,"September 28, 1935",Johannesburg,H. van Gent,·,5.1
4360,"October 9, 1964",Nanking,Purple Mountain,·,13.0
4361,"October 9, 1977",Nauchnij,L. I. Chernykh,THM,17.0
4362,"August 1, 1978",Bickley,Perth Observatory,moon,5.6
4363,"October 2, 1978",Nauchnij,L. V. Zhuravleva,·,4.9
4364,"November 7, 1978",Palomar,"E. F. Helin , S. J. Bus",·,4.2
4365,"November 7, 1978",Palomar,"E. F. Helin, S. J. Bus",KOR,7.4
4366,"December 24, 1979",Nauchnij,L. V. Zhuravleva,THM,16.0
4367,"March 2, 1981",Siding Spring,S. J. Bus,·,10.0
4368,"May 5, 1981",Palomar,C. S. Shoemaker,·,22.0
4369,"July 30, 1982",Kleť,L. Brožek,·,16.0
4370,"September 22, 1982",Anderson Mesa,E. Bowell,moon,3.8
4371,"April 10, 1983",Nauchnij,L. I. Chernykh,·,5.6
4372,"October 3, 1984",Harvard Observatory,Oak Ridge Observatory,KOR,8.2
4373,"August 14, 1985",Anderson Mesa,E. Bowell,·,5.0
4374,"January 31, 1987",Toyota,"K. Suzuki , T. Urata",·,5.7
4375,"February 28, 1987",Ojima,"T. Niijima , T. Urata",(2076),5.2
4376,"March 20, 1987",Ojima,"T. Niijima, T. Urata",·,5.0
4377,"April 4, 1987",Ojima,"T. Niijima, T. Urata",·,9.5
4378,"May 14, 1988",La Silla,W. Landgraf,·,11.0
4379,"August 13, 1988",Palomar,"C. S. Shoemaker , E. M. Shoemaker",·,20.0
4380,"August 14, 1988",Haute-Provence,E. W. Elst,EOS,17.0
4381,"November 22, 1989",Uenohara,N. Kawasato,EOS,20.0
4382,"November 29, 1989",Tautenburg Observatory,F. Börngen,·,8.7
4383,"December 1, 1989",Gekko,Y. Oshima,moon,6.5
4384,"January 3, 1990",Okutama,"Hioki, T., Hayakawa, S.",EUN,8.6
4385,"September 24, 1960",Palomar,"C. J. van Houten , I. van Houten-Groeneveld , T. Gehrels",THM,11.0
4386,"September 26, 1960",Palomar,"C. J. van Houten, I. van Houten-Groeneveld, T. Gehrels",·,16.0
4387,"September 19, 1973",Palomar,"C. J. van Houten, I. van Houten-Groeneveld, T. Gehrels",·,7.1
4388,"November 3, 1964",Brooklyn,Indiana University,·,4.7
4389,"April 1, 1976",Nauchnij,N. S. Chernykh,KOR,10.0
4390,"April 5, 1976",El Leoncito,Félix Aguilar Observatory,·,11.0
4391,"August 21, 1977",Nauchnij,N. S. Chernykh,·,3.4
4392,"September 13, 1978",Nauchnij,N. S. Chernykh,·,4.8
4393,"November 7, 1978",Palomar,"E. F. Helin , S. J. Bus",THM,15.0
4394,"March 2, 1981",Siding Spring,S. J. Bus,·,2.6
4395,"March 2, 1981",Siding Spring,S. J. Bus,EOS,11.0
4396,"May 3, 1981",Anderson Mesa,E. Bowell,·,4.7
4397,"May 9, 1981",El Leoncito,Félix Aguilar Observatory,·,4.6
4398,"April 23, 1984",La Silla,W. Ferreri,·,6.9
4399,"October 21, 1984",Geisei,T. Seki,EUN,8.8
4400,"August 24, 1985",Smolyan,Bulgarian National Observatory,·,5.4
4401,"October 14, 1985",Palomar,C. S. Shoemaker,AMO + 1 km (0.62 mi),1.8
4402,"February 25, 1987",Ojima,"T. Niijima , T. Urata",·,9.2
4403,"March 2, 1987",Gekko,Y. Oshima,·,4.8
4404,"April 2, 1987",Palomar,A. Maury,·,6.2
4405,"August 21, 1987",Kleť,A. Mrkos,·,16.0
4406,"December 22, 1987",Tautenburg Observatory,F. Börngen,THM,13.0
4407,"October 13, 1988",Ayashi Station,M. Koishikawa,·,9.3
4408,"October 4, 1988",Kleť,A. Mrkos,·,8.6
4409,"June 30, 1989",Lake Tekapo,"A. C. Gilmore , P. M. Kilmartin",·,12.0
4410,"December 17, 1989",Kushiro,"S. Ueda , H. Kaneda",EOS,14.0
4411,"January 3, 1990",Geisei,T. Seki,moon,4.4
4412,"September 26, 1960",Palomar,"C. J. van Houten , I. van Houten-Groeneveld , T. Gehrels",THM,15.0
4413,"September 24, 1960",Palomar,"C. J. van Houten, I. van Houten-Groeneveld, T. Gehrels",·,5.1
4414,"September 24, 1960",Palomar,"C. J. van Houten, I. van Houten-Groeneveld, T. Gehrels",·,9.0
4415,"September 24, 1960",Palomar,"C. J. van Houten, I. van Houten-Groeneveld, T. Gehrels",·,3.2
4416,"September 24, 1960",Palomar,"C. J. van Houten, I. van Houten-Groeneveld, T. Gehrels",·,3.0
4417,"April 8, 1931",Heidelberg,K. Reinmuth,GEF,11.0
4418,"October 9, 1931",Heidelberg,K. Reinmuth,EUN,7.0
4419,"April 24, 1932",Heidelberg,K. Reinmuth,·,10.0
4420,"August 15, 1936",Crimea-Simeis,G. N. Neujmin,·,16.0
4421,"January 14, 1942",Heidelberg,K. Reinmuth,·,9.2
4422,"October 17, 1942",Algiers,L. Boyer,·,6.3
4423,"April 4, 1949",Brooklyn,Indiana University,CYB,9.9
4424,"February 16, 1967",Nauchnij,T. M. Smirnova,·,24.0
4425,"October 30, 1967",Hamburg-Bergedorf,L. Kohoutek,NYS,5.3
4426,"October 15, 1969",Nauchnij,L. I. Chernykh,AGN,11.0
4427,"August 30, 1971",Nauchnij,T. M. Smirnova,EOS,12.0
4428,"September 18, 1977",Nauchnij,N. S. Chernykh,slow,6.0
4429,"September 12, 1978",Nauchnij,N. S. Chernykh,NYS,2.9
4430,"September 26, 1978",Nauchnij,L. V. Zhuravleva,·,8.9
4431,"November 28, 1978",Nanking,Purple Mountain,EOS,24.0
4432,"March 2, 1981",Siding Spring,S. J. Bus,·,3.0
4433,"August 30, 1981",Anderson Mesa,E. Bowell,·,8.4
4434,"September 8, 1981",Nauchnij,L. V. Zhuravleva,·,5.1
4435,"January 13, 1983",Palomar,C. S. Shoemaker,moon,5.0
4436,"March 9, 1983",Anderson Mesa,E. Barr,URS,31.0
4437,"April 10, 1983",Nauchnij,L. I. Chernykh,·,4.7
4438,"November 29, 1983",Anderson Mesa,E. Bowell,·,27.0
4439,"November 2, 1984",Geisei,T. Seki,·,12.0
4440,"December 23, 1984",Haute-Provence,F. Dossin,H · moon,2.1
4441,"January 26, 1985",Geisei,T. Seki,·,6.5
4442,"September 14, 1985",Kitt Peak,Spacewatch,·,15.0
4443,"September 10, 1985",La Silla,H. Debehogne,slow,4.6
4444,"September 16, 1985",La Silla,"Norgaard-Nielsen, H. U., Hansen, L., Christensen, P. R.",V,4.0
4445,"October 15, 1985",Toyota,"K. Suzuki , T. Urata",·,4.1
4446,"October 15, 1985",Anderson Mesa,E. Bowell,T j (2.97) · 3:2,29.0
4447,"November 7, 1985",Anderson Mesa,E. Bowell,KOR,10.0
4448,"March 5, 1986",Palomar,C. S. Shoemaker,·,13.0
4449,"September 3, 1987",Nauchnij,L. I. Chernykh,·,30.0
4450,"September 25, 1987",Palomar,"C. S. Shoemaker , E. M. Shoemaker",APO + 1 km (0.62 mi) · PHA,1.2
4451,"May 9, 1988",Palomar,C. S. Shoemaker,·,10.0
4452,"September 7, 1988",Brorfelde,P. Jensen,EUN,16.0
4453,"November 3, 1988",Brorfelde,P. Jensen,EOS,11.0
4454,"November 2, 1988",Kushiro,"S. Ueda , H. Kaneda",·,13.0
4455,"December 2, 1988",Kushiro,"S. Ueda, H. Kaneda",EOS,14.0
4456,"July 27, 1989",Siding Spring,R. H. McNaught,·,7.6
4457,"September 3, 1989",Haute-Provence,E. W. Elst,·,10.0
4458,"January 21, 1990",Yatsugatake,"Y. Kushida , O. Muramatsu",·,12.0
4459,"January 30, 1990",Kushiro,"Matsuyama, M., K. Watanabe",slow,4.2
4460,"February 28, 1990",Kitami,"K. Endate , K. Watanabe",·,39.0
4461,"March 5, 1990",Dynic,A. Sugie,BRA,17.0
4462,"April 24, 1952",Fort Davis,McDonald Observatory,THM,19.0
4463,"October 28, 1954",Brooklyn,Indiana University,THM,14.0
4464,"October 11, 1966",Nauchnij,N. S. Chernykh,H,3.6
4465,"October 14, 1969",Nauchnij,B. A. Burnasheva,NYS ·,10.0
4466,"September 23, 1971",Nauchnij,Crimean Astrophysical Observatory,·,11.0
4467,"November 2, 1975",Nauchnij,T. M. Smirnova,EUN ·,13.0
4468,"September 24, 1976",Nauchnij,N. S. Chernykh,·,4.2
4469,"August 1, 1978",Bickley,Perth Observatory,·,4.8
4470,"August 31, 1978",Nauchnij,N. S. Chernykh,THM,16.0
4471,"November 8, 1978",Zimmerwald,P. Wild,·,12.0
4472,"October 15, 1980",Nauchnij,N. S. Chernykh,slow,5.1
4473,"February 28, 1981",Siding Spring,S. J. Bus,EOS,13.0
4474,"August 24, 1981",La Silla,H. Debehogne,THM,13.0
4475,"October 20, 1982",Nauchnij,L. G. Karachkina,·,5.3
4476,"February 19, 1983",Anderson Mesa,E. Bowell,NYS,6.7
4477,"September 28, 1983",Smolyan,Bulgarian National Observatory,·,4.8
4478,"April 23, 1984",La Silla,"W. Ferreri , V. Zappalà",·,3.5
4479,"February 10, 1985",La Silla,H. Debehogne,MRX,6.9
4480,"August 24, 1985",Nauchnij,N. S. Chernykh,NYS ·,9.3
4481,"September 14, 1985",Anderson Mesa,E. Bowell,·,4.2
4482,"September 1, 1986",Palomar,A. Maury,PHO,7.1
4483,"September 9, 1986",Nauchnij,L. G. Karachkina,H,5.8
4484,"February 25, 1987",Brorfelde,P. Jensen,·,16.0
4485,"August 27, 1987",Nauchnij,L. I. Chernykh,EOS,14.0
4486,"September 22, 1987",Smolyan,"E. W. Elst , V. G. Shkodrov",APO + 1 km (0.62 mi) · PHA,1.8
4487,"October 17, 1987",Palomar,C. S. Shoemaker,AMO +1 km (0.62 mi),1.1
4488,"October 21, 1987",Toyota,"K. Suzuki , T. Urata",·,4.5
4489,"January 15, 1988",Anderson Mesa,E. Bowell,L4,77.0
4490,"July 14, 1988",Palomar,"E. F. Helin , B. Roman",H,9.3
4491,"September 7, 1988",Kitami,"K. Endate , K. Watanabe",·,5.1
4492,"September 17, 1988",Haute-Provence,E. W. Elst,moon,17.0
4493,"October 14, 1988",Chiyoda,T. Kojima,EOS,17.0
4494,"October 13, 1988",Kushiro,"S. Ueda , H. Kaneda",moon,7.2
4495,"November 6, 1988",Yorii,"M. Arai , H. Mori",3:2 · slow,24.0
4496,"December 9, 1988",Geisei,T. Seki,·,7.2
4497,"January 4, 1989",Kitami,"K. Endate , K. Watanabe",·,7.8
4498,"January 5, 1989",Geisei,T. Seki,EOS,17.0
4499,"January 4, 1989",Siding Spring,R. H. McNaught,·,16.0
4500,"February 3, 1989",Kushiro,"S. Ueda , H. Kaneda",·,16.0
4501,"February 4, 1989",La Silla,E. W. Elst,L4,46.0
4502,"May 29, 1989",Palomar,H. E. Holt,EUN,12.0
4503,"November 28, 1989",Palomar,C. S. Shoemaker,AMO + 1 km (0.62 mi),2.4
4504,"December 21, 1989",Siding Spring,R. H. McNaught,MAR,7.4
4505,"February 20, 1990",Geisei,T. Seki,EOS,19.0
4506,"March 24, 1990",Stakenbridge,B. G. W. Manning,KOR,8.8
4507,"March 19, 1990",Fujieda,"Shiozawa, H., M. Kizawa",KOR,11.0
4508,"March 27, 1990",Kitami,"K. Endate , K. Watanabe",·,4.6
4509,"September 23, 1917",Crimea-Simeis,S. Belyavsky,·,12.0
4510,"December 13, 1930",Flagstaff,C. W. Tombaugh,V,6.8
4511,"September 28, 1935",Johannesburg,H. van Gent,PHO,8.2
4512,"January 20, 1939",Turku,Y. Väisälä,·,11.0
4513,"August 30, 1971",Nauchnij,T. M. Smirnova,EOS,13.0
4514,"April 19, 1972",Nauchnij,T. M. Smirnova,moon,5.8
4515,"September 28, 1973",Nauchnij,N. S. Chernykh,NYS,5.3
4516,"September 28, 1973",Nauchnij,N. S. Chernykh,HOF ·,7.8
4517,"September 30, 1975",Palomar,S. J. Bus,·,3.4
4518,"April 1, 1976",Nauchnij,N. S. Chernykh,V,4.3
4519,"December 18, 1976",Nauchnij,N. S. Chernykh,·,5.0
4520,"August 22, 1977",Nauchnij,N. S. Chernykh,·,5.9
4521,"March 29, 1979",Nauchnij,N. S. Chernykh,·,20.0
4522,"January 22, 1980",Anderson Mesa,E. Bowell,ADE,21.0
4523,"February 28, 1981",Siding Spring,S. J. Bus,ADE,16.0
4524,"September 8, 1981",Nauchnij,L. V. Zhuravleva,V · slow,12.0
4525,"May 15, 1982",Palomar,"E. F. Helin , E. M. Shoemaker , Wilder, P. D.",·,9.8
4526,"May 22, 1982",Kiso,"H. Kosai , K. Furukawa",EUN · slow,10.0
4527,"July 24, 1982",Anderson Mesa,E. Bowell,·,3.9
4528,"August 13, 1983",Anderson Mesa,E. Bowell,moon,9.4
4529,"March 1, 1984",Anderson Mesa,E. Bowell,EOS,10.0
4530,"March 1, 1984",Anderson Mesa,E. Bowell,HYG,16.0
4531,"March 20, 1985",Palomar,C. S. Shoemaker,H,2.2
4532,"April 15, 1985",Anderson Mesa,E. Bowell,EOS · slow,14.0
4533,"March 7, 1986",Palomar,C. S. Shoemaker,PHO,7.5
4534,"August 6, 1986",Nauchnij,N. S. Chernykh,·,16.0
4535,"August 28, 1986",La Silla,H. Debehogne,·,10.0
4536,"February 22, 1987",La Silla,H. Debehogne,·,4.0
4537,"September 2, 1987",Nauchnij,L. I. Chernykh,EOS ·,14.0
4538,"October 10, 1988",Toyota,K. Suzuki,slow,7.2
4539,"November 8, 1988",Ayashi Station,M. Koishikawa,·,10.0
4540,"November 6, 1988",Bologna,San Vittore,·,15.0
4541,"January 1, 1989",Toyota,"K. Suzuki , T. Furuta",moon,6.3
4542,"January 30, 1989",Bologna,San Vittore,EOS,18.0
4543,"February 2, 1989",Palomar,C. S. Shoemaker,L4,64.0
4544,"March 31, 1989",Palomar,"H. E. Holt , N. G. Thomas",APO + 1 km (0.62 mi),1.3
4545,"September 28, 1989",La Silla,H. Debehogne,THM,17.0
4546,"March 2, 1990",La Silla,E. W. Elst,V,5.7
4547,"May 16, 1990",JCPM Sapporo,"K. Endate , K. Watanabe",·,33.0
4548,"September 24, 1960",Palomar,"C. J. van Houten , I. van Houten-Groeneveld , T. Gehrels",·,5.2
4549,"September 29, 1973",Palomar,"C. J. van Houten, I. van Houten-Groeneveld, T. Gehrels",NYS,5.5
4550,"April 24, 1977",Palomar,S. J. Bus,·,13.0
4551,"June 28, 1979",Anderson Mesa,E. Bowell,·,7.6
4552,"May 11, 1980",Kleť,A. Mrkos,·,6.2
4553,"September 15, 1982",Anderson Mesa,E. Bowell,EUN,9.0
4554,"October 28, 1986",Kleť,A. Mrkos,·,26.0
4555,"August 24, 1987",Palomar,S. Singer-Brewster,·,3.1
4556,"August 27, 1987",Nauchnij,L. G. Karachkina,·,5.2
4557,"December 14, 1987",Kitami,"M. Yanai , K. Watanabe",EOS,14.0
4558,"July 12, 1988",Palomar,"A. Maury , J. E. Mueller",slow,7.3
4559,"January 11, 1989",Tautenburg Observatory,F. Börngen,EOS,11.0
4560,"December 16, 1976",Nauchnij,L. I. Chernykh,·,12.0
4561,"September 13, 1978",Nauchnij,N. S. Chernykh,·,10.0
4562,"October 21, 1979",Nanking,Purple Mountain,·,15.0
4563,"July 17, 1980",Anderson Mesa,E. Bowell,·,5.1
4564,"March 6, 1981",Siding Spring,S. J. Bus,EUN,5.1
4565,"March 2, 1981",Siding Spring,S. J. Bus,EUN,7.4
4566,"November 27, 1981",Nanking,Purple Mountain,·,11.0
4567,"September 17, 1982",Kleť,"Mahrová, M.",EUN,12.0
4568,"September 2, 1983",Anderson Mesa,N. G. Thomas,EOS,15.0
4569,"April 15, 1985",Palomar,C. S. Shoemaker,MAR,9.4
4570,"August 14, 1985",Anderson Mesa,E. Bowell,slow,3.9
4571,"September 8, 1985",La Silla,H. Debehogne,THM,15.0
4572,"September 8, 1986",Brorfelde,P. Jensen,·,8.1
4573,"October 5, 1986",Piwnice,M. Antal,EOS,15.0
4574,"December 20, 1986",Ojima,"T. Niijima , T. Urata",EOS,12.0
4575,"June 26, 1987",Palomar,E. F. Helin,EOS,20.0
4576,"February 10, 1988",Chiyoda,T. Kojima,EOS,17.0
4577,"November 30, 1988",Yatsugatake,"Y. Kushida , Inoue, M.",·,11.0
4578,"December 7, 1988",Geisei,T. Seki,·,12.0
4579,"January 11, 1989",Tautenburg Observatory,F. Börngen,MAS,4.5
4580,"March 4, 1989",Palomar,E. F. Helin,EUN,10.0
4581,"March 31, 1989",Palomar,"H. E. Holt , N. G. Thomas",APO · PHA,0.25
4582,"March 31, 1989",Palomar,C. S. Shoemaker,ADE,17.0
4583,"September 1, 1989",Smolyan,Bulgarian National Observatory,·,14.0
4584,"March 16, 1990",Kushiro,"Matsuyama, M., K. Watanabe",DOR,15.0
4585,"May 16, 1990",Kitami,"K. Endate , K. Watanabe",CLO,11.0
4586,"September 24, 1960",Palomar,"C. J. van Houten , I. van Houten-Groeneveld , T. Gehrels",·,4.4
4587,"September 30, 1973",Palomar,"C. J. van Houten, I. van Houten-Groeneveld, T. Gehrels",·,3.5
4588,"March 13, 1931",Heidelberg,M. F. Wolf,·,14.0
4589,"July 24, 1933",Heidelberg,K. Reinmuth,NYS,6.4
4590,"July 25, 1968",Cerro El Roble,"Plyugin, G. A., Yu. A. Belyaev",PHO,5.8
4591,"November 1, 1975",Nauchnij,T. M. Smirnova,·,6.4
4592,"September 24, 1979",Nauchnij,N. S. Chernykh,THM,14.0
4593,"March 16, 1980",La Silla,C.-I. Lagerkvist,EOS,12.0
4594,"May 17, 1980",Nauchnij,L. I. Chernykh,·,4.0
4595,"March 2, 1981",Siding Spring,S. J. Bus,·,3.8
4596,"August 28, 1981",Palomar,C. T. Kowal,AMO + 1 km (0.62 mi),1.8
4597,"October 30, 1983",Palomar,S. J. Bus,·,16.0
4598,"August 15, 1985",Anderson Mesa,E. Bowell,EOS,11.0
4599,"September 5, 1985",La Silla,H. Debehogne,·,13.0
4600,"September 10, 1985",La Silla,H. Debehogne,EOS,13.0
4601,"June 3, 1986",Palomar,"Rudnyk, M.",EUN,9.0
4602,"October 28, 1986",Caussols,CERGA,EUN,8.1
4603,"November 25, 1986",Caussols,CERGA,slow,22.0
4604,"September 18, 1987",Toyota,"K. Suzuki , T. Urata",·,4.5
4605,"September 18, 1987",Nauchnij,L. I. Chernykh,·,4.5
4606,"October 27, 1987",Geisei,T. Seki,·,6.7
4607,"November 25, 1987",Kitami,"K. Endate , K. Watanabe",moon,7.4
4608,"January 19, 1988",La Silla,H. Debehogne,·,7.6
4609,"February 13, 1988",La Silla,E. W. Elst,·,29.0
4610,"March 26, 1989",Kleť,A. Mrkos,·,9.9
4611,"April 5, 1989",La Silla,"Geffert, M.",EUN,11.0
4612,"May 2, 1989",Palomar,E. F. Helin,·,7.7
4613,"July 22, 1990",JCPM Sapporo,K. Watanabe,·,11.0
4614,"August 21, 1990",Kani,"Y. Mizuno , T. Furuta",slow,6.1
4615,"September 13, 1923",Heidelberg,K. Reinmuth,·,11.0
4616,"January 17, 1975",Nauchnij,L. I. Chernykh,THM,14.0
4617,"February 22, 1976",El Leoncito,Félix Aguilar Observatory,·,33.0
4618,"September 12, 1977",Nauchnij,N. S. Chernykh,·,9.9
4619,"September 11, 1977",Nauchnij,N. S. Chernykh,·,9.1
4620,"July 28, 1978",Bickley,Perth Observatory,·,3.8
4621,"August 27, 1979",Nauchnij,N. S. Chernykh,·,5.7
4622,"November 16, 1979",Nauchnij,L. I. Chernykh,·,12.0
4623,"October 24, 1981",Nauchnij,L. I. Chernykh,KOR,9.7
4624,"March 23, 1982",Palomar,C. S. Shoemaker,·,14.0
4625,"October 20, 1982",Nauchnij,L. G. Karachkina,·,6.5
4626,"December 23, 1984",Nauchnij,L. G. Karachkina,·,4.7
4627,"September 5, 1985",La Silla,H. Debehogne,KOR,10.0
4628,"September 7, 1986",Smolyan,E. W. Elst,EUN ·,19.0
4629,"October 7, 1986",Palomar,E. F. Helin,ADE ·,9.7
4630,"November 18, 1987",Chions,J. M. Baur,·,7.5
4631,"November 22, 1987",Kushiro,"S. Ueda , H. Kaneda",·,5.5
4632,"December 17, 1987",Chiyoda,T. Kojima,·,5.3
4633,"January 14, 1988",La Silla,H. Debehogne,THM,13.0
4634,"January 16, 1988",Kobuchizawa,"Inoue, M., O. Muramatsu",·,6.4
4635,"January 21, 1988",Haute-Provence,E. W. Elst,slow,10.0
4636,"February 13, 1988",La Silla,E. W. Elst,EUN,6.8
4637,"February 8, 1989",Chions,J. M. Baur,NYS,6.3
4638,"March 2, 1989",Siding Spring,R. H. McNaught,·,4.6
4639,"March 5, 1989",Geisei,T. Seki,RAF,6.9
4640,"April 1, 1989",Yatsugatake,"Y. Kushida , O. Muramatsu",·,6.1
4641,"August 30, 1990",Kitami,"K. Endate , K. Watanabe",·,3.5
4642,"August 23, 1990",Palomar,H. E. Holt,THM,17.0
4643,"August 23, 1990",Palomar,H. E. Holt,·,5.7
4644,"September 16, 1990",Kitami,"A. Takahashi , K. Watanabe",EUN,7.5
4645,"September 16, 1990",Kitami,"T. Fujii , K. Watanabe",·,17.0
4646,"September 24, 1960",Palomar,"C. J. van Houten , I. van Houten-Groeneveld , T. Gehrels",NYS,5.3
4647,"October 9, 1931",Heidelberg,K. Reinmuth,·,14.0
4648,"October 18, 1931",Heidelberg,K. Reinmuth,·,10.0
4649,"December 20, 1936",Nice,M. Laugier,·,15.0
4650,"October 5, 1950",Heidelberg,K. Reinmuth,·,5.0
4651,"October 31, 1957",Nanking,Purple Mountain,KOR,7.9
4652,"August 30, 1975",El Leoncito,Félix Aguilar Observatory,(1547),6.3
4653,"April 1, 1976",Nauchnij,N. S. Chernykh,·,7.8
4654,"September 11, 1977",Nauchnij,N. S. Chernykh,·,4.5
4655,"September 1, 1978",Nauchnij,N. S. Chernykh,·,5.3
4656,"November 7, 1978",Palomar,"E. F. Helin , S. J. Bus",KOR,6.9
4657,"September 22, 1979",Nauchnij,N. S. Chernykh,THM,16.0
4658,"September 24, 1979",Nauchnij,N. S. Chernykh,·,12.0
4659,"March 2, 1981",Siding Spring,S. J. Bus,NYS,3.6
4660,"February 28, 1982",Palomar,E. F. Helin,APO · PHA,0.33
4661,"November 17, 1982",Yebes,"de Pascual, M.",·,6.0
4662,"April 19, 1984",Kleť,A. Mrkos,·,17.0
4663,"September 27, 1984",Kleť,A. Mrkos,·,29.0
4664,"August 14, 1985",Anderson Mesa,E. Bowell,KOR,10.0
4665,"October 15, 1985",Anderson Mesa,E. Bowell,·,10.0
4666,"May 4, 1986",Palomar,C. S. Shoemaker,PHO · moon,6.8
4667,"November 4, 1986",Siding Spring,R. H. McNaught,·,6.9
4668,"February 21, 1987",La Silla,H. Debehogne,EOS,14.0
4669,"October 27, 1987",Brorfelde,P. Jensen,·,3.9
4670,"December 19, 1987",Geisei,T. Seki,·,4.4
4671,"January 10, 1988",Kleť,A. Mrkos,·,6.2
4672,"April 17, 1988",Kushiro,"S. Ueda , H. Kaneda",·,28.0
4673,"June 8, 1988",Palomar,C. S. Shoemaker,MAR,11.0
4674,"May 2, 1989",Palomar,E. F. Helin,H · moon,4.8
4675,"September 19, 1990",Geisei,T. Seki,·,4.0
4676,"September 16, 1990",Kitami,"T. Fujii , K. Watanabe",·,8.0
4677,"September 26, 1990",Kitami,"A. Takahashi , K. Watanabe",THM,14.0
4678,"September 24, 1990",Siding Spring,R. H. McNaught,·,5.0
4679,"October 9, 1990",Siding Spring,R. H. McNaught,·,12.0
4680,"August 31, 1937",Hamburg-Bergedorf,H.-U. Sandig,·,5.0
4681,"October 8, 1969",Nauchnij,L. I. Chernykh,EOS,12.0
4682,"September 27, 1973",Nauchnij,L. I. Chernykh,·,3.9
4683,"April 1, 1976",Nauchnij,N. S. Chernykh,THM,17.0
4684,"April 10, 1978",La Silla,H. Debehogne,·,5.2
4685,"September 27, 1978",Nauchnij,N. S. Chernykh,THM,19.0
4686,"September 22, 1979",Nauchnij,N. S. Chernykh,·,3.5
4687,"September 24, 1979",Nauchnij,N. S. Chernykh,HYG,12.0
4688,"November 29, 1980",Palomar,C. T. Kowal,AMO,0.6
4689,"December 30, 1980",Anderson Mesa,E. Bowell,slow,6.1
4690,"January 9, 1983",Anderson Mesa,B. A. Skiff,H,3.2
4691,"October 7, 1983",Kleť,A. Mrkos,(2076),7.1
4692,"November 4, 1983",Anderson Mesa,B. A. Skiff,·,4.9
4693,"November 28, 1983",Anderson Mesa,E. Bowell,·,4.8
4694,"August 14, 1985",Anderson Mesa,E. Bowell,·,7.7
4695,"September 7, 1985",La Silla,H. Debehogne,EUN,10.0
4696,"October 15, 1985",Anderson Mesa,E. Bowell,KOR,10.0
4697,"August 26, 1986",La Silla,H. Debehogne,NYS,7.8
4698,"September 4, 1986",Kleť,A. Mrkos,·,4.4
4699,"November 4, 1986",Siding Spring,R. H. McNaught,EUN,4.2
4700,"November 6, 1986",Anderson Mesa,E. Bowell,(5),7.8
4701,"November 6, 1986",Anderson Mesa,E. Bowell,·,14.0
4702,"April 23, 1987",Kleť,A. Mrkos,GEF,8.5
4703,"January 16, 1988",Kagoshima,"M. Mukai , Takeishi, M.",·,4.3
4704,"January 28, 1988",Siding Spring,R. H. McNaught,EUN,5.1
4705,"February 13, 1988",Bologna,San Vittore,·,5.6
4706,"February 16, 1988",Kavalur,"Rajamohan, R.",·,5.6
4707,"August 13, 1988",Palomar,C. S. Shoemaker,L5,38.0
4708,"September 11, 1988",Palomar,C. S. Shoemaker,L5,55.0
4709,"October 12, 1988",Palomar,C. S. Shoemaker,L5,91.0
4710,"January 4, 1989",Siding Spring,R. H. McNaught,(883),6.6
4711,"May 31, 1989",Palomar,H. E. Holt,·,8.2
4712,"August 25, 1989",Kitami,"K. Endate , K. Watanabe",·,29.0
4713,"August 26, 1989",Siding Spring,R. H. McNaught,H,6.3
4714,"September 29, 1989",Kitami,"T. Fujii , K. Watanabe",EOS,19.0
4715,"October 9, 1989",Gekko,Y. Oshima,L5,62.0
4716,"October 30, 1989",Cerro Tololo,S. J. Bus,·,15.0
4717,"November 20, 1989",Kani,"Y. Mizuno , T. Furuta",EOS,18.0
4718,"November 13, 1990",Kitami,"T. Fujii , K. Watanabe",·,5.9
4719,"November 21, 1990",Kushiro,"S. Ueda , H. Kaneda",·,10.0
4720,"December 19, 1990",Kushiro,"S. Ueda, H. Kaneda",·,6.0
4721,"September 29, 1973",Palomar,"C. J. van Houten , I. van Houten-Groeneveld , T. Gehrels",·,4.6
4722,"October 16, 1977",Palomar,"C. J. van Houten, I. van Houten-Groeneveld, T. Gehrels",L5,50.0
4723,"October 11, 1937",Heidelberg,K. Reinmuth,·,10.0
4724,"January 18, 1961",Tautenburg Observatory,"C. Hoffmeister , J. Schubart",·,6.5
4725,"December 31, 1975",El Leoncito,Félix Aguilar Observatory,·,10.0
4726,"September 25, 1976",Harvard Observatory,Harvard Observatory,·,8.3
4727,"October 24, 1979",Tautenburg Observatory,F. Börngen,KOR,7.2
4728,"November 11, 1979",Nauchnij,N. S. Chernykh,·,4.0
4729,"September 8, 1980",Nauchnij,L. V. Zhuravleva,·,6.0
4730,"December 7, 1980",Nanking,Purple Mountain,EOS ·,25.0
4731,"March 1, 1981",Siding Spring,S. J. Bus,·,10.0
4732,"May 3, 1981",Anderson Mesa,E. Bowell,·,30.0
4733,"April 19, 1982",Harvard Observatory,Oak Ridge Observatory,·,4.7
4734,"October 19, 1982",Tautenburg Observatory,F. Börngen,MAS,3.0
4735,"January 9, 1983",Anderson Mesa,E. Bowell,·,5.1
4736,"January 13, 1983",Palomar,C. S. Shoemaker,H,2.8
4737,"August 24, 1985",Nauchnij,N. S. Chernykh,·,8.8
4738,"September 15, 1985",Palomar,"Goldstein, D. B.",EUN,8.2
4739,"October 15, 1985",Anderson Mesa,E. Bowell,·,7.0
4740,"October 22, 1985",Nauchnij,L. V. Zhuravleva,·,11.0
4741,"November 10, 1985",Nauchnij,L. G. Karachkina,THM,17.0
4742,"November 26, 1986",Bologna,San Vittore,PHO,6.6
4743,"February 16, 1988",Kitami,"T. Fujii , K. Watanabe",·,4.1
4744,"September 2, 1988",La Silla,H. Debehogne,·,19.0
4745,"July 9, 1989",Palomar,H. E. Holt,EOS,13.0
4746,"October 9, 1989",Kitami,"A. Takahashi , K. Watanabe",THM,22.0
4747,"November 19, 1989",Kushiro,"S. Ueda , H. Kaneda",EOS,14.0
4748,"November 20, 1989",Toyota,"K. Suzuki , T. Urata",·,12.0
4749,"November 22, 1989",Uenohara,N. Kawasato,EOS,14.0
4750,"December 15, 1990",Kitami,"T. Fujii , K. Watanabe",·,8.7
4751,"January 17, 1991",Stakenbridge,B. G. W. Manning,·,18.0
4752,"September 29, 1973",Palomar,"C. J. van Houten , I. van Houten-Groeneveld , T. Gehrels",THM,12.0
4753,"October 16, 1977",Palomar,"C. J. van Houten, I. van Houten-Groeneveld, T. Gehrels",·,7.8
4754,"October 16, 1977",Palomar,"C. J. van Houten, I. van Houten-Groeneveld, T. Gehrels",L5,53.0
4755,"October 6, 1931",Flagstaff,C. W. Tombaugh,·,3.9
4756,"April 21, 1950",La Plata Observatory,La Plata,EOS,12.0
4757,"September 19, 1973",Palomar,"C. J. van Houten , I. van Houten-Groeneveld , T. Gehrels",3:2,20.0
4758,"September 27, 1978",Nauchnij,L. I. Chernykh,THM,19.0
4759,"November 7, 1978",Palomar,"E. F. Helin , S. J. Bus",THM,16.0
4760,"April 1, 1981",Harvard Observatory,Harvard Observatory,·,5.1
4761,"August 27, 1981",La Silla,H.-E. Schuster,PHO,3.7
4762,"September 16, 1982",Nauchnij,L. I. Chernykh,·,5.9
4763,"January 22, 1983",Anderson Mesa,E. Bowell,EUN,10.0
4764,"February 11, 1983",Anderson Mesa,E. Bowell,H,2.8
4765,"May 5, 1986",Palomar,C. S. Shoemaker,H · moon,1.8
4766,"March 28, 1987",Palomar,E. F. Helin,EUN,7.4
4767,"April 4, 1987",Ojima,"T. Niijima , T. Urata",EUN,7.9
4768,"August 11, 1988",Siding Spring,"Noymer, A. J.",·,34.0
4769,"August 9, 1989",Palomar,E. F. Helin,APO + 1 km (0.62 mi) · PHA,1.4
4770,"August 9, 1989",Palomar,E. F. Helin,·,9.9
4771,"September 7, 1989",Kitami,"M. Yanai , K. Watanabe",·,13.0
4772,"November 2, 1989",Okutama,"Hioki, T., N. Kawasato",·,28.0
4773,"November 17, 1989",Kitami,"K. Endate , K. Watanabe",(5),6.2
4774,"February 14, 1991",Kushiro,"S. Ueda , H. Kaneda",·,5.0
4775,"October 3, 1927",Heidelberg,M. F. Wolf,·,7.1
4776,"November 3, 1975",Harvard Observatory,Harvard Observatory,·,3.6
4777,"September 24, 1976",Nauchnij,N. S. Chernykh,·,3.9
4778,"October 9, 1978",Nauchnij,L. V. Zhuravleva,THM,13.0
4779,"December 6, 1978",Palomar,"E. Bowell , Warnock, A.",THM,15.0
4780,"April 25, 1979",Nauchnij,N. S. Chernykh,·,3.6
4781,"October 3, 1980",Kleť,Z. Vávrová,·,3.9
4782,"October 14, 1980",Haute-Provence,"H. Debehogne , L. Houziaux",KOR ·,12.0
4783,"January 12, 1983",Palomar,C. S. Shoemaker,·,7.2
4784,"February 28, 1984",La Silla,H. Debehogne,·,6.0
4785,"December 17, 1984",Nauchnij,L. G. Karachkina,·,8.3
4786,"August 13, 1985",Nauchnij,N. S. Chernykh,moon,3.3
4787,"September 6, 1986",Nauchnij,L. V. Zhuravleva,·,5.0
4788,"October 4, 1986",Anderson Mesa,E. Bowell,moon,3.6
4789,"October 20, 1987",Climenhaga,D. D. Balam,·,4.2
4790,"August 9, 1988",Palomar,E. F. Helin,slow,16.0
4791,"August 14, 1988",Palomar,C. S. Shoemaker,L5,50.0
4792,"September 10, 1988",Palomar,C. S. Shoemaker,L5,51.0
4793,"September 1, 1988",La Silla,H. Debehogne,LEO,13.0
4794,"September 16, 1988",Cerro Tololo,S. J. Bus,·,4.4
4795,"February 7, 1989",Kitami,"A. Takahashi , K. Watanabe",·,4.1
4796,"June 3, 1989",Palomar,E. F. Helin,·,7.3
4797,"September 30, 1989",Minami-Oda,"T. Nomura , K. Kawanishi",NYS,6.0
4798,"September 26, 1989",La Silla,E. W. Elst,·,5.0
4799,"October 8, 1989",Kani,"Y. Mizuno , T. Furuta",·,7.9
4800,"October 9, 1989",La Silla,H. Debehogne,EOS,14.0
4801,"October 22, 1989",Kleť,A. Mrkos,·,14.0
4802,"October 23, 1989",Tautenburg Observatory,F. Börngen,·,2.3
4803,"December 1, 1989",Chions,J. M. Baur,KOR,10.0
4804,"December 2, 1989",La Silla,E. W. Elst,·,15.0
4805,"November 13, 1990",Palomar,C. S. Shoemaker,L5,58.0
4806,"December 22, 1990",Yakiimo,"Natori, A., T. Urata",·,5.7
4807,"January 10, 1991",Oizumi,T. Kobayashi,·,4.7
4808,"January 21, 1925",Heidelberg,K. Reinmuth,ADE,19.0
4809,"September 5, 1928",Heidelberg,M. F. Wolf,·,6.4
4810,"April 14, 1972",Nauchnij,L. I. Chernykh,·,6.3
4811,"September 25, 1973",Nauchnij,L. V. Zhuravleva,·,3.8
4812,"February 18, 1977",Kiso,"H. Kosai , K. Furukawa",ERI,6.8
4813,"September 11, 1977",Nauchnij,N. S. Chernykh,·,18.0
4814,"September 1, 1978",Nauchnij,N. S. Chernykh,·,14.0
4815,"March 2, 1981",Siding Spring,S. J. Bus,V,4.2
4816,"August 3, 1981",Anderson Mesa,E. Bowell,·,7.2
4817,"February 27, 1984",La Silla,H. Debehogne,NYS,3.8
4818,"March 1, 1984",Anderson Mesa,E. Bowell,·,5.0
4819,"May 24, 1985",Lake Tekapo,"A. C. Gilmore , P. M. Kilmartin",slow,3.8
4820,"September 15, 1985",Palomar,C. S. Shoemaker,·,8.6
4821,"March 5, 1986",La Silla,W. Ferreri,·,15.0
4822,"October 4, 1986",Anderson Mesa,E. Bowell,·,4.3
4823,"October 4, 1986",Kleť,A. Mrkos,·,4.1
4824,"November 25, 1986",Kleť,A. Mrkos,·,4.1
4825,"February 11, 1988",La Silla,E. W. Elst,·,3.8
4826,"May 11, 1988",Palomar,C. S. Shoemaker,PHO,7.9
4827,"August 17, 1988",Palomar,C. S. Shoemaker,L5,43.0
4828,"September 11, 1988",Palomar,C. S. Shoemaker,L5,46.0
4829,"September 10, 1988",Palomar,C. S. Shoemaker,L5,32.0
4830,"September 1, 1988",La Silla,H. Debehogne,V,5.7
4831,"September 14, 1988",Cerro Tololo,S. J. Bus,THM,18.0
4832,"October 12, 1988",Palomar,C. S. Shoemaker,L5,52.0
4833,"January 8, 1989",Palomar,C. S. Shoemaker,L4,80.0
4834,"January 11, 1989",Palomar,C. S. Shoemaker,L4,72.0
4835,"January 29, 1989",Tokushima,"M. Iwamoto , T. Furuta",L4,30.0
4836,"February 2, 1989",Palomar,C. S. Shoemaker,L4,63.0
4837,"June 30, 1989",Lake Tekapo,"A. C. Gilmore , P. M. Kilmartin",·,28.0
4838,"July 2, 1989",Palomar,E. F. Helin,·,10.0
4839,"August 25, 1989",Kitami,"K. Endate , K. Watanabe",·,8.1
4840,"October 23, 1989",Gekko,Y. Oshima,URS · slow,21.0
4841,"October 28, 1989",Geisei,T. Seki,·,5.3
4842,"November 21, 1989",Kushiro,"S. Ueda , H. Kaneda",·,4.6
4843,"February 28, 1990",La Silla,H. Debehogne,EOS,27.0
4844,"January 23, 1991",Kushiro,"S. Ueda , H. Kaneda",·,7.6
4845,"March 5, 1991",Kitami,"K. Endate , K. Watanabe",·,7.8
4846,"September 24, 1960",Palomar,"C. J. van Houten , I. van Houten-Groeneveld , T. Gehrels",·,12.0
4847,"September 24, 1960",Palomar,"C. J. van Houten, I. van Houten-Groeneveld, T. Gehrels",·,3.1
4848,"September 30, 1973",Palomar,"C. J. van Houten, I. van Houten-Groeneveld, T. Gehrels",HYG,22.0
4849,"August 17, 1936",Heidelberg,K. Reinmuth,·,4.2
4850,"October 27, 1973",Tautenburg Observatory,F. Börngen,KOR,7.6
4851,"October 26, 1976",Nauchnij,T. M. Smirnova,MAR,6.9
4852,"May 15, 1977",Nauchnij,N. S. Chernykh,V,3.5
4853,"June 28, 1979",Cerro El Roble,C. Torres,·,6.2
4854,"March 2, 1981",Siding Spring,S. J. Bus,EOS,10.0
4855,"November 14, 1982",Kiso,"H. Kosai , K. Furukawa",·,4.0
4856,"June 11, 1983",Palomar,C. S. Shoemaker,MAR,10.0
4857,"March 29, 1984",Palomar,C. S. Shoemaker,PHO,6.2
4858,"October 23, 1985",Palomar,"Gibson, J.",·,3.3
4859,"October 7, 1986",Anderson Mesa,E. Bowell,BAP,7.1
4860,"March 3, 1987",Anderson Mesa,E. Bowell,·,26.0
4861,"August 27, 1987",Nauchnij,L. G. Karachkina,·,6.6
4862,"September 30, 1987",Brorfelde,P. Jensen,·,6.6
4863,"November 13, 1987",Kushiro,"S. Ueda , H. Kaneda",KOR,9.8
4864,"September 2, 1988",La Silla,H. Debehogne,·,12.0
4865,"October 18, 1988",Geisei,T. Seki,EOS,10.0
4866,"November 10, 1988",Chiyoda,T. Kojima,EOS · slow,13.0
4867,"September 27, 1989",Palomar,C. S. Shoemaker,L5,57.0
4868,"October 27, 1989",Palomar,E. F. Helin,H · moon,1.5
4869,"October 26, 1989",Nauchnij,L. I. Chernykh,·,6.3
4870,"October 25, 1989",Nauchnij,L. V. Zhuravleva,·,20.0
4871,"November 24, 1989",Ayashi Station,M. Koishikawa,·,5.1
4872,"December 25, 1989",Tautenburg Observatory,F. Börngen,·,7.6
4873,"March 4, 1990",Dynic,A. Sugie,EOS,12.0
4874,"January 12, 1991",Palomar,E. F. Helin,EUN,9.3
4875,"February 19, 1991",Yatsugatake,"Y. Kushida , R. Kushida",·,5.5
4876,"September 29, 1973",Palomar,"C. J. van Houten , I. van Houten-Groeneveld , T. Gehrels",KOR,7.6
4877,"September 25, 1973",Palomar,"C. J. van Houten, I. van Houten-Groeneveld, T. Gehrels",EUN,6.8
4878,"July 18, 1968",Cerro El Roble,"C. Torres , Cofre, S.",V,2.6
4879,"November 12, 1974",Nauchnij,L. I. Chernykh,·,13.0
4880,"October 14, 1975",Nauchnij,L. I. Chernykh,HNS,8.9
4881,"December 1, 1975",Cerro El Roble,C. Torres,·,3.0
4882,"August 21, 1977",Nauchnij,N. S. Chernykh,·,5.2
4883,"September 5, 1978",Nauchnij,N. S. Chernykh,·,8.3
4884,"July 21, 1979",Nauchnij,N. S. Chernykh,·,4.8
4885,"June 10, 1980",Palomar,C. S. Shoemaker,·,4.8
4886,"March 1, 1981",Siding Spring,S. J. Bus,·,7.6
4887,"March 2, 1981",Siding Spring,S. J. Bus,KOR,6.5
4888,"May 5, 1981",Palomar,C. S. Shoemaker,·,4.3
4889,"October 19, 1982",Tautenburg Observatory,F. Börngen,·,21.0
4890,"November 14, 1982",Kiso,"H. Kosai , K. Furukawa",·,4.7
4891,"April 4, 1984",Smolyan,Bulgarian National Observatory,·,21.0
4892,"October 11, 1985",Caussols,CERGA,slow,7.3
4893,"August 9, 1986",Smolyan,"E. W. Elst , V. G. Ivanova",·,20.0
4894,"September 8, 1986",Brorfelde,P. Jensen,·,5.0
4895,"October 13, 1986",Brorfelde,P. Jensen,·,5.3
4896,"December 20, 1986",Ojima,"T. Niijima , T. Urata",·,29.0
4897,"August 22, 1987",Palomar,E. F. Helin,EOS,14.0
4898,"March 19, 1988",Palomar,C. S. Shoemaker,H,2.2
4899,"May 9, 1988",Palomar,"C. S. Shoemaker, E. M. Shoemaker",PHO,6.5
4900,"June 16, 1988",Palomar,E. F. Helin,V,4.7
4901,"November 3, 1988",Yorii,"M. Arai , H. Mori",(2076) · moon,5.2
4902,"January 9, 1989",Palomar,C. S. Shoemaker,L4 · slow,51.0
4903,"October 20, 1989",Kani,"Y. Mizuno , T. Furuta",THM,15.0
4904,"November 21, 1989",Kani,"Y. Mizuno, T. Furuta",·,7.0
4905,"May 15, 1991",Kitami,"A. Takahashi , K. Watanabe",EUN,8.4
4906,"September 24, 1960",Palomar,"C. J. van Houten , I. van Houten-Groeneveld , T. Gehrels",·,3.1
4907,"October 17, 1960",Palomar,"C. J. van Houten, I. van Houten-Groeneveld, T. Gehrels",·,21.0
4908,"September 17, 1933",Uccle,F. Rigaux,·,4.9
4909,"September 28, 1949",Nice,M. Laugier,·,5.3
4910,"August 11, 1953",Heidelberg,K. Reinmuth,·,4.3
4911,"October 16, 1953",Brooklyn,Indiana University,EUN,10.0
4912,"November 11, 1953",Brooklyn,Indiana University,·,6.5
4913,"September 20, 1965",Nanking,Purple Mountain,NYS,6.0
4914,"April 9, 1969",El Leoncito,Félix Aguilar Observatory,EUN,11.0
4915,"October 8, 1969",Nauchnij,L. I. Chernykh,·,12.0
4916,"August 10, 1970",Nauchnij,Crimean Astrophysical Observatory,EOS,17.0
4917,"September 28, 1973",Nauchnij,Crimean Astrophysical Observatory,AGN,8.4
4918,"August 24, 1974",Nauchnij,L. I. Chernykh,·,12.0
4919,"September 19, 1974",Nauchnij,L. I. Chernykh,·,3.0
4920,"August 8, 1978",Nauchnij,N. S. Chernykh,·,10.0
4921,"September 29, 1980",Kleť,Z. Vávrová,·,5.1
4922,"March 2, 1981",Siding Spring,S. J. Bus,·,5.0
4923,"March 2, 1981",Siding Spring,S. J. Bus,·,3.4
4924,"March 2, 1981",Siding Spring,S. J. Bus,·,2.3
4925,"December 3, 1981",Nanking,Purple Mountain,·,14.0
4926,"September 16, 1982",Nauchnij,L. I. Chernykh,KOR,7.1
4927,"October 21, 1982",Kleť,Z. Vávrová,KOR,7.0
4928,"October 21, 1982",Nauchnij,L. G. Karachkina,·,4.1
4929,"December 13, 1982",Kiso,"H. Kosai , K. Furukawa",·,4.0
4930,"January 10, 1983",Palomar,"Salyards, S. L.",·,36.0
4931,"February 11, 1983",La Silla,"H. Debehogne , G. de Sanctis",·,7.6
4932,"March 9, 1984",Anderson Mesa,B. A. Skiff,·,26.0
4933,"March 2, 1984",La Silla,H. Debehogne,·,5.3
4934,"May 15, 1985",Anderson Mesa,E. Bowell,EOS · slow,12.0
4935,"August 13, 1985",Nauchnij,N. S. Chernykh,·,5.3
4936,"October 22, 1985",Nauchnij,L. V. Zhuravleva,(2076),4.5
4937,"February 1, 1986",La Silla,H. Debehogne,(194),9.8
4938,"February 5, 1986",La Silla,H. Debehogne,·,6.4
4939,"August 27, 1986",La Silla,H. Debehogne,·,5.2
4940,"August 18, 1986",Nauchnij,L. G. Karachkina,THM,18.0
4941,"October 25, 1986",Toyota,"K. Suzuki , T. Urata",THM,18.0
4942,"February 24, 1987",La Silla,H. Debehogne,·,3.5
4943,"July 27, 1987",Haute-Provence,E. W. Elst,EUN,6.4
4944,"September 2, 1987",Nauchnij,L. I. Chernykh,·,11.0
4945,"September 18, 1987",Toyota,"K. Suzuki , T. Urata",(5),7.4
4946,"January 21, 1988",Palomar,"C. S. Shoemaker , E. M. Shoemaker",L4,48.0
4947,"October 12, 1988",Palomar,C. S. Shoemaker,AMO + 1 km (0.62 mi),0.86
4948,"November 3, 1988",Oohira,Oohira,·,3.9
4949,"November 29, 1988",Chiyoda,T. Kojima,·,4.5
4950,"December 7, 1988",Palomar,E. F. Helin,·,7.3
4951,"January 21, 1990",Kani,"Y. Mizuno , T. Furuta",moon · slow,5.2
4952,"March 26, 1990",Dynic,A. Sugie,·,19.0
4953,"June 23, 1990",Siding Spring,R. H. McNaught,APO + 1 km (0.62 mi) · PHA,3.8
4954,"September 23, 1990",Palomar,B. Roman,AMO +1 km (0.62 mi),11.0
4955,"September 17, 1990",Palomar,H. E. Holt,(1298),20.0
4956,"November 12, 1990",Siding Spring,R. H. McNaught,PHO,5.6
4957,"December 15, 1990",Palomar,E. F. Helin,AMO + 1 km (0.62 mi),3.5
4958,"July 13, 1991",Palomar,H. E. Holt,EOS,16.0
4959,"August 15, 1991",Yakiimo,"Natori, A., T. Urata",·,36.0
4960,"September 24, 1960",Palomar,"C. J. van Houten , I. van Houten-Groeneveld , T. Gehrels",·,11.0
4961,"October 8, 1958",Flagstaff,Lowell Observatory,·,11.0
4962,"October 1, 1973",Nauchnij,T. M. Smirnova,MAR · slow,10.0
4963,"February 18, 1977",Kiso,"H. Kosai , K. Furukawa",EUN,11.0
4964,"July 21, 1979",Nauchnij,N. S. Chernykh,·,4.4
4965,"March 6, 1981",Siding Spring,S. J. Bus,KOR,4.8
4966,"March 2, 1981",Siding Spring,S. J. Bus,·,10.0
4967,"February 11, 1983",Anderson Mesa,N. G. Thomas,·,30.0
4968,"August 1, 1986",Palomar,E. F. Helin,·,6.7
4969,"October 4, 1986",Palomar,E. F. Helin,PAL,6.7
4970,"November 12, 1988",Palomar,E. F. Helin,·,8.1
4971,"January 30, 1989",Kitami,"T. Fujii , K. Watanabe",NYS,4.7
4972,"October 23, 1989",Tautenburg Observatory,F. Börngen,THM,12.0
4973,"March 18, 1990",Kitami,"K. Endate , K. Watanabe",CYB,28.0
4974,"June 14, 1990",Siding Spring,R. H. McNaught,EUN,8.2
4975,"September 16, 1990",Kitami,"T. Fujii , K. Watanabe",·,18.0
4976,"August 9, 1991",JCPM Sapporo,K. Watanabe,EOS,17.0
4977,"September 24, 1960",Palomar,"C. J. van Houten , I. van Houten-Groeneveld , T. Gehrels",·,3.9
4978,"September 29, 1973",Palomar,"C. J. van Houten, I. van Houten-Groeneveld, T. Gehrels",·,5.2
4979,"August 2, 1949",Heidelberg,K. Reinmuth,·,3.2
4980,"September 19, 1974",Nauchnij,L. I. Chernykh,THM,17.0
4981,"November 12, 1974",Nauchnij,L. I. Chernykh,KOR,9.2
4982,"August 14, 1977",Nauchnij,N. S. Chernykh,·,8.0
4983,"September 11, 1977",Nauchnij,N. S. Chernykh,·,4.9
4984,"November 7, 1978",Palomar,"E. F. Helin , S. J. Bus",·,2.8
4985,"August 23, 1979",La Silla,C.-I. Lagerkvist,THM,12.0
4986,"September 23, 1979",Nauchnij,N. S. Chernykh,·,5.8
4987,"March 20, 1980",Bickley,Perth Observatory,·,5.6
4988,"November 6, 1980",Nanking,Purple Mountain,NYS,3.6
4989,"February 28, 1981",Siding Spring,S. J. Bus,EUN,5.3
4990,"March 2, 1981",Siding Spring,S. J. Bus,·,4.5
4991,"March 1, 1981",Siding Spring,S. J. Bus,EOS,9.8
4992,"October 25, 1982",Nauchnij,L. V. Zhuravleva,MAR,6.5
4993,"April 11, 1983",La Silla,"H. Debehogne , G. de Sanctis",V,4.1
4994,"September 1, 1983",La Silla,H. Debehogne,·,5.5
4995,"August 28, 1984",Palomar,"Swanson, S. R.",·,7.6
4996,"August 11, 1986",Nauchnij,L. G. Karachkina,·,5.7
4997,"October 6, 1986",Nauchnij,L. G. Karachkina,T j (2.99),9.9
4998,"November 5, 1986",Toyota,"K. Suzuki , T. Urata",EOS,16.0
4999,"February 2, 1987",La Silla,E. W. Elst,EOS · slow,12.0
5000,"August 23, 1987",Palomar,E. F. Helin,·,4.2
